,PLAYER_ID,PLAYER_NAME,NICKNAME,TEAM_ID,TEAM_ABBREVIATION,AGE,GP,W,L,W_PCT,MIN,E_OFF_RATING,OFF_RATING,sp_work_OFF_RATING,E_DEF_RATING,DEF_RATING,sp_work_DEF_RATING,E_NET_RATING,NET_RATING,sp_work_NET_RATING,AST_PCT,AST_TO,AST_RATIO,OREB_PCT,DREB_PCT,REB_PCT,TM_TOV_PCT,E_TOV_PCT,EFG_PCT,TS_PCT,USG_PCT,E_USG_PCT,E_PACE,PACE,PACE_PER40,sp_work_PACE,PIE,POSS,FGM,FGA,FGM_PG,FGA_PG,FG_PCT,GP_RANK,W_RANK,L_RANK,W_PCT_RANK,MIN_RANK,E_OFF_RATING_RANK,OFF_RATING_RANK,sp_work_OFF_RATING_RANK,E_DEF_RATING_RANK,DEF_RATING_RANK,sp_work_DEF_RATING_RANK,E_NET_RATING_RANK,NET_RATING_RANK,sp_work_NET_RATING_RANK,AST_PCT_RANK,AST_TO_RANK,AST_RATIO_RANK,OREB_PCT_RANK,DREB_PCT_RANK,REB_PCT_RANK,TM_TOV_PCT_RANK,E_TOV_PCT_RANK,EFG_PCT_RANK,TS_PCT_RANK,USG_PCT_RANK,E_USG_PCT_RANK,E_PACE_RANK,PACE_RANK,sp_work_PACE_RANK,PIE_RANK,FGM_RANK,FGA_RANK,FGM_PG_RANK,FGA_PG_RANK,FG_PCT_RANK,SEASON_ID
0,1630639,A.J. Lawson,A.J.,1610612742,DAL,22.0,1,1,0,1.0,1.8,40.0,40.0,40.0,131.6,140.0,140.0,-91.6,-100.0,-100.0,0.0,0.0,0.0,0.0,0.333,0.167,0.0,0.0,1.0,1.0,0.167,0.2,140.2,135.85,113.21,135.85,0.235,5,1,1,1.0,1.0,1.0,20,20,1,1,20,20,20,20,20,20,20,20,20,20,20,20,20,20,1,2,1,1,1,1,9,7,1,1,1,1,20,20,19,20,1,2022-23
1,1630162,Anthony Edwards,Anthony,1610612750,MIN,21.0,79,40,39,0.506,36.0,111.7,113.8,113.8,110.5,111.9,111.9,1.2,1.9,1.9,0.192,1.35,15.1,0.017,0.139,0.079,11.2,11.1,0.528,0.564,0.292,0.298,103.42,101.77,84.81,101.77,0.125,6016,707,1541,8.9,19.5,0.459,1,2,20,10,1,8,6,6,6,10,10,8,7,7,6,13,11,14,7,9,13,13,14,15,1,1,14,15,15,4,1,1,1,1,13,2022-23
2,203085,Austin Rivers,Austin,1610612750,MIN,30.0,52,25,27,0.481,19.5,109.7,109.8,109.8,114.7,114.8,114.8,-5.0,-4.9,-4.9,0.095,3.26,23.1,0.005,0.078,0.042,7.1,7.1,0.538,0.564,0.104,0.107,102.58,102.46,85.39,102.46,0.05,2154,91,209,1.8,4.0,0.435,9,9,13,15,9,15,14,14,16,16,16,17,17,17,12,3,6,19,16,18,6,6,13,14,20,20,16,14,14,19,11,11,13,13,15,2022-23
3,1627854,Bryn Forbes,Bryn,1610612750,MIN,29.0,25,9,16,0.36,10.7,108.8,107.8,107.8,115.9,116.2,116.2,-7.1,-8.5,-8.5,0.087,1.42,14.4,0.015,0.04,0.027,10.2,10.1,0.446,0.497,0.155,0.161,103.52,103.9,86.58,103.9,0.035,580,30,83,1.2,3.3,0.361,15,18,9,20,14,17,18,18,18,18,18,18,18,18,14,12,13,16,20,20,10,10,19,19,15,14,13,12,12,20,16,15,16,15,20,2022-23
4,1626156,D'Angelo Russell,D'Angelo,1610612747,LAL,27.0,54,27,27,0.5,32.9,110.3,111.6,111.6,111.5,113.2,113.2,-1.2,-1.6,-1.6,0.274,2.27,26.1,0.016,0.075,0.047,11.5,11.5,0.567,0.604,0.225,0.229,102.96,101.57,84.64,101.57,0.114,3763,338,727,6.3,13.5,0.465,7,8,13,11,3,12,10,10,10,12,12,13,13,13,1,7,4,15,17,16,16,15,9,10,6,6,15,17,17,6,4,2,3,3,11,2022-23
5,1630183,Jaden McDaniels,Jaden,1610612750,MIN,22.0,79,41,38,0.519,30.6,112.3,113.6,113.6,110.2,111.6,111.6,2.0,2.0,2.0,0.082,1.32,14.3,0.039,0.086,0.063,10.8,10.8,0.591,0.611,0.156,0.159,102.45,101.2,84.34,101.2,0.069,5080,370,716,4.7,9.1,0.517,1,1,19,7,6,6,7,7,5,7,7,4,5,5,15,14,14,7,14,11,12,12,6,8,14,15,17,18,18,14,2,3,5,6,6,2022-23
6,1629669,Jaylen Nowell,Jaylen,1610612750,MIN,23.0,65,34,31,0.523,19.3,110.8,111.2,111.2,111.3,111.3,111.3,-0.5,0.0,0.0,0.156,2.03,15.3,0.028,0.107,0.067,7.6,7.5,0.502,0.527,0.238,0.246,105.23,105.04,87.53,105.04,0.095,2736,280,625,4.3,9.6,0.448,6,4,15,5,10,11,11,11,9,6,6,12,12,12,8,9,10,9,10,10,7,7,17,16,5,5,8,9,9,11,6,4,8,5,14,2022-23
7,1629162,Jordan McLaughlin,Jordan,1610612750,MIN,27.0,43,22,21,0.512,15.8,111.2,111.7,111.7,105.9,105.9,105.9,5.4,5.8,5.8,0.264,4.48,44.3,0.022,0.065,0.044,9.9,9.9,0.503,0.526,0.112,0.114,106.75,106.51,88.76,106.51,0.086,1504,61,145,1.4,3.4,0.421,10,10,11,9,12,9,9,9,1,1,1,3,2,2,2,1,1,11,18,17,9,9,16,17,19,19,3,4,4,12,13,12,14,14,17,2022-23
8,1631169,Josh Minott,Josh,1610612750,MIN,20.0,15,7,8,0.467,6.4,119.8,116.3,116.3,108.7,105.9,105.9,11.2,10.4,10.4,0.065,1.67,10.4,0.054,0.194,0.128,6.3,6.3,0.528,0.582,0.176,0.184,106.95,109.99,91.66,109.99,0.106,221,18,36,1.2,2.4,0.5,19,19,2,18,18,3,3,3,2,2,2,1,1,1,18,10,16,5,4,5,4,4,15,13,8,8,2,2,2,9,18,19,16,17,8,2022-23
9,1626157,Karl-Anthony Towns,Karl-Anthony,1610612750,MIN,27.0,29,15,14,0.517,33.0,110.0,111.2,111.2,108.8,109.4,109.4,1.2,1.8,1.8,0.225,1.63,19.6,0.05,0.181,0.118,12.1,12.1,0.565,0.618,0.25,0.253,103.53,102.72,85.6,102.72,0.138,2049,212,428,7.3,14.8,0.495,12,13,8,8,2,14,12,12,3,3,3,9,8,8,3,11,7,6,5,6,17,17,10,6,2,3,12,13,13,2,8,8,2,2,9,2022-23
10,203937,Kyle Anderson,Kyle,1610612750,MIN,29.0,69,36,33,0.522,28.4,113.0,113.9,113.9,111.0,111.7,111.7,2.0,2.3,2.3,0.225,3.25,33.8,0.035,0.152,0.095,10.4,10.4,0.553,0.583,0.143,0.145,102.41,101.66,84.72,101.66,0.108,4143,252,495,3.7,7.2,0.509,4,3,16,6,7,5,5,5,8,8,8,5,4,4,4,4,2,8,6,7,11,11,12,12,17,18,18,16,16,8,7,7,9,9,7,2022-23
11,1630568,Luka Garza,Luka,1610612750,MIN,24.0,28,15,13,0.536,8.7,121.8,121.4,121.4,120.6,119.4,119.4,1.2,2.0,2.0,0.103,1.29,10.5,0.13,0.128,0.129,8.2,8.2,0.603,0.652,0.245,0.254,105.74,106.48,88.74,106.48,0.111,543,63,116,2.3,4.1,0.543,14,13,6,4,15,2,1,1,19,19,19,7,6,6,10,15,15,1,8,4,8,8,4,4,3,2,5,5,5,7,12,14,11,12,4,2022-23
12,1630346,Matt Ryan,Matt,1610612750,MIN,26.0,22,10,12,0.455,8.2,122.3,120.1,120.1,115.5,115.2,115.2,6.7,4.9,4.9,0.081,3.0,15.4,0.012,0.053,0.034,5.1,5.1,0.585,0.604,0.147,0.153,105.41,106.47,88.72,106.47,0.059,402,25,59,1.1,2.7,0.424,18,17,3,19,16,1,2,2,17,17,17,2,3,3,16,6,9,18,19,19,2,2,7,9,16,16,6,6,6,18,17,17,18,16,16,2022-23
13,201144,Mike Conley,Mike,1610612750,MIN,35.0,24,12,12,0.5,31.4,113.7,115.3,115.3,112.8,113.7,113.7,1.0,1.5,1.5,0.214,4.14,29.1,0.021,0.078,0.05,7.0,7.0,0.583,0.631,0.165,0.17,101.14,100.04,83.37,100.04,0.105,1572,108,235,4.5,9.8,0.46,16,15,3,11,4,4,4,4,13,15,15,10,9,9,5,2,3,12,15,15,5,5,8,5,12,12,20,20,20,10,10,10,7,4,12,2022-23
14,1630233,Nathan Knight,Nathan,1610612750,MIN,25.0,38,19,19,0.5,7.7,110.9,109.6,109.6,112.6,111.9,111.9,-1.7,-2.3,-2.3,0.065,0.62,9.2,0.072,0.118,0.094,14.9,15.0,0.617,0.655,0.177,0.183,105.28,106.24,88.53,106.24,0.076,646,46,81,1.2,2.1,0.568,11,11,10,11,17,10,16,16,11,9,9,14,14,14,17,19,19,3,9,8,20,20,3,3,7,9,7,7,7,13,15,16,15,18,3,2022-23
15,1629675,Naz Reid,Naz,1610612750,MIN,23.0,68,32,36,0.471,18.4,108.7,109.2,109.2,112.8,113.3,113.3,-4.0,-4.2,-4.2,0.098,0.84,9.6,0.058,0.205,0.132,11.5,11.5,0.602,0.617,0.242,0.248,104.87,104.39,86.99,104.39,0.122,2714,310,577,4.6,8.5,0.537,5,6,17,17,11,18,17,17,12,14,14,16,16,16,11,17,18,4,3,3,15,16,5,7,4,4,10,10,10,5,5,5,6,7,5,2022-23
16,1629638,Nickeil Alexander-Walker,Nickeil,1610612750,MIN,24.0,23,11,12,0.478,15.5,110.2,109.6,109.6,113.3,113.3,113.3,-3.1,-3.7,-3.7,0.119,3.2,18.3,0.019,0.095,0.057,5.7,5.7,0.488,0.503,0.167,0.174,103.71,104.01,86.68,104.01,0.06,769,48,125,2.1,5.4,0.384,17,16,3,16,13,13,15,15,14,13,13,15,15,15,9,5,8,13,12,12,3,3,18,18,9,10,11,11,11,16,14,13,12,11,19,2022-23
17,203497,Rudy Gobert,Rudy,1610612750,MIN,31.0,70,34,36,0.486,30.7,109.4,110.8,110.8,109.4,110.3,110.3,0.0,0.4,0.4,0.058,0.71,9.6,0.111,0.26,0.188,13.5,13.5,0.659,0.675,0.161,0.164,101.34,100.29,83.58,100.29,0.137,4477,360,546,5.1,7.8,0.659,3,4,17,14,5,16,13,13,4,4,4,11,11,11,19,18,17,2,2,1,19,19,2,2,13,13,19,19,19,3,3,6,4,8,2,2022-23
18,1627752,Taurean Prince,Taurean,1610612750,MIN,29.0,54,31,23,0.574,22.1,112.0,111.9,111.9,110.6,111.0,111.0,1.4,0.9,0.9,0.094,1.22,15.0,0.013,0.096,0.055,12.3,12.2,0.565,0.597,0.165,0.171,105.21,105.09,87.58,105.09,0.065,2600,177,379,3.3,7.0,0.467,7,7,12,2,8,7,8,8,7,5,5,6,10,10,13,16,12,17,11,14,18,18,11,11,11,11,9,8,8,15,9,9,10,10,10,2022-23
19,1631111,Wendell Moore Jr.,Wendell,1610612750,MIN,21.0,29,16,13,0.552,5.3,103.9,99.4,99.4,113.8,112.9,112.9,-9.9,-13.5,-13.5,0.162,2.25,25.4,0.025,0.086,0.056,11.3,11.2,0.442,0.465,0.139,0.148,105.77,108.48,90.4,108.48,0.06,342,18,43,0.6,1.5,0.419,12,12,6,3,19,19,19,19,15,11,11,19,19,19,7,8,5,10,13,13,14,14,20,20,18,17,4,3,3,17,18,18,20,19,18,2022-23
0,1630162,Anthony Edwards,Anthony,1610612750,MIN,20.0,72,39,33,0.542,34.2,112.6,114.6,114.6,109.6,110.6,110.6,3.1,4.0,4.0,0.173,1.45,15.0,0.023,0.113,0.067,10.4,10.4,0.527,0.56,0.262,0.265,102.54,101.18,84.31,101.18,0.111,5189,549,1245,7.6,17.3,0.441,5,7,15,16,1,4,3,3,12,12,12,7,4,4,8,9,9,11,11,12,10,10,11,9,2,2,15,16,16,5,2,1,2,1,10,2021-22
1,1629735,Chris Silva,Chris,1610612748,MIA,25.0,1,1,0,1.0,3.5,75.0,75.0,75.0,154.6,150.0,150.0,-79.6,-75.0,-75.0,0.0,0.0,0.0,0.0,0.5,0.143,0.0,0.0,0.0,0.0,0.0,0.0,109.27,110.93,92.44,110.93,0.048,8,0,0,0.0,0.0,0.0,18,17,1,1,18,18,18,18,18,18,18,18,18,18,18,18,18,17,1,3,1,1,18,18,18,18,1,1,1,17,18,18,18,18,18,2021-22
2,1626156,D'Angelo Russell,D'Angelo,1610612750,MIN,26.0,65,39,26,0.6,31.9,112.4,114.5,114.5,109.2,109.8,109.8,3.2,4.7,4.7,0.32,2.79,27.0,0.011,0.089,0.05,9.7,9.7,0.502,0.544,0.246,0.25,103.59,102.39,85.32,102.39,0.114,4431,401,975,6.2,15.0,0.411,8,7,9,2,3,5,5,5,8,9,9,5,3,3,1,5,5,16,15,16,6,6,13,11,3,3,11,14,14,4,3,3,3,3,12,2021-22
3,202328,Greg Monroe,Greg,1610612750,MIN,32.0,4,1,3,0.25,20.4,111.3,110.3,110.3,109.4,110.8,110.8,1.8,-0.5,-0.5,0.271,2.29,33.3,0.069,0.191,0.133,14.6,14.6,0.591,0.578,0.16,0.168,103.6,103.4,86.17,103.4,0.133,175,13,22,3.3,5.5,0.591,17,17,3,18,8,8,10,10,11,13,13,10,14,14,2,7,3,5,4,5,18,18,2,8,9,9,10,10,10,2,16,16,6,10,2,2021-22
4,1630183,Jaden McDaniels,Jaden,1610612750,MIN,21.0,70,40,30,0.571,25.8,108.0,109.9,109.9,108.4,109.3,109.3,-0.5,0.6,0.6,0.063,1.05,10.8,0.038,0.115,0.075,10.2,10.1,0.532,0.553,0.149,0.153,103.82,102.49,85.41,102.49,0.061,3840,255,554,3.6,7.9,0.46,6,5,13,11,4,13,11,11,5,7,7,14,12,12,16,15,15,9,10,9,9,9,9,10,12,12,7,13,13,14,5,5,5,5,8,2021-22
5,1627774,Jake Layman,Jake,1610612750,MIN,28.0,34,20,14,0.588,6.8,107.6,105.3,105.3,109.8,108.7,108.7,-2.2,-3.4,-3.4,0.055,0.9,9.0,0.025,0.123,0.074,10.0,10.0,0.466,0.5,0.16,0.166,103.73,105.34,87.78,105.34,0.064,509,30,73,0.9,2.1,0.411,15,14,4,7,16,14,14,14,13,5,5,15,16,16,17,16,17,10,7,10,8,8,16,16,10,10,8,4,4,13,14,14,14,14,13,2021-22
6,1629020,Jarred Vanderbilt,Jarred,1610612750,MIN,23.0,74,41,33,0.554,25.4,113.4,115.5,115.5,109.3,110.5,110.5,4.2,5.0,5.0,0.066,1.29,16.0,0.107,0.212,0.158,12.5,12.5,0.59,0.612,0.108,0.109,102.49,101.0,84.17,101.0,0.103,3941,212,361,2.9,4.9,0.587,3,4,15,13,6,3,2,2,9,11,11,2,2,2,15,10,8,2,2,1,14,14,4,3,16,16,16,18,18,8,7,10,10,11,3,2021-22
7,1629669,Jaylen Nowell,Jaylen,1610612750,MIN,22.0,62,37,25,0.597,15.7,114.5,114.5,114.5,111.4,111.7,111.7,3.1,2.8,2.8,0.197,3.61,21.1,0.022,0.1,0.061,5.8,5.8,0.551,0.581,0.205,0.211,103.63,103.5,86.25,103.5,0.108,2107,196,413,3.2,6.7,0.475,9,9,7,4,11,1,4,4,16,16,16,6,7,7,6,3,7,13,13,14,3,3,6,7,5,5,9,9,9,6,8,8,7,7,7,2021-22
8,1629162,Jordan McLaughlin,Jordan,1610612750,MIN,26.0,62,36,26,0.581,14.5,111.7,111.4,111.4,108.6,109.0,109.0,3.0,2.4,2.4,0.258,4.74,41.4,0.023,0.075,0.049,8.7,8.7,0.507,0.535,0.115,0.119,105.48,105.44,87.87,105.44,0.088,1976,88,200,1.4,3.2,0.44,9,10,9,9,12,6,9,9,6,6,6,8,9,9,3,1,2,12,17,17,4,4,12,14,14,15,2,3,3,10,11,11,12,12,11,2021-22
9,1629006,Josh Okogie,Josh,1610612750,MIN,23.0,49,23,26,0.469,10.5,105.8,104.1,104.1,101.8,101.6,101.6,4.0,2.5,2.5,0.066,1.09,14.5,0.049,0.077,0.062,13.3,13.2,0.471,0.526,0.115,0.12,103.94,104.93,87.44,104.93,0.048,1133,42,104,0.9,2.1,0.404,12,12,9,17,13,15,15,15,1,1,1,3,8,8,14,14,10,7,16,13,15,15,15,15,15,14,5,5,5,16,13,12,15,15,15,2021-22
10,1626157,Karl-Anthony Towns,Karl-Anthony,1610612750,MIN,26.0,74,44,30,0.595,33.5,114.3,116.9,116.9,110.5,111.6,111.6,3.8,5.3,5.3,0.177,1.19,14.2,0.074,0.21,0.141,11.9,11.8,0.591,0.64,0.272,0.277,103.16,101.48,84.57,101.48,0.159,5232,642,1214,8.7,16.4,0.529,3,2,13,5,2,2,1,1,15,15,15,4,1,1,7,13,11,4,3,4,13,12,3,2,1,1,12,15,15,1,1,2,1,2,4,2021-22
11,1630195,Leandro Bolmaro,Leandro,1610612750,MIN,21.0,35,19,16,0.543,6.9,105.7,102.6,102.6,104.6,102.5,102.5,1.1,0.2,0.2,0.118,1.62,22.3,0.062,0.107,0.084,13.8,13.9,0.361,0.419,0.122,0.127,102.98,105.58,87.99,105.58,0.038,531,17,54,0.5,1.5,0.315,14,15,6,15,15,16,16,16,3,3,3,12,13,13,10,8,6,6,12,7,16,16,17,17,13,13,13,2,2,18,15,15,16,16,17,2021-22
12,1627736,Malik Beasley,Malik,1610612750,MIN,25.0,79,46,33,0.582,25.0,110.5,112.1,112.1,109.4,110.1,110.1,1.1,2.0,2.0,0.085,2.7,11.3,0.012,0.1,0.054,4.2,4.2,0.532,0.544,0.189,0.193,104.34,103.24,86.03,103.24,0.081,4250,332,850,4.2,10.8,0.391,1,1,15,8,7,11,7,7,10,10,10,11,10,10,12,6,14,15,14,15,2,2,10,12,7,7,4,11,11,11,4,4,4,4,16,2021-22
13,1630593,McKinley Wright IV,McKinley,1610612750,MIN,23.0,5,3,2,0.6,3.8,111.1,102.4,102.4,132.6,128.2,128.2,-21.5,-25.8,-25.8,0.231,3.0,42.9,0.0,0.0,0.0,14.3,14.3,0.833,0.833,0.082,0.089,97.24,103.04,85.87,103.04,0.06,42,2,3,0.4,0.6,0.667,16,16,2,2,17,9,17,17,17,17,17,17,17,17,5,4,1,17,18,18,17,17,1,1,17,17,18,12,12,15,17,17,17,17,1,2021-22
14,1630233,Nathan Knight,Nathan,1610612750,MIN,24.0,37,22,15,0.595,7.2,108.1,105.5,105.5,102.2,101.9,101.9,5.9,3.6,3.6,0.126,1.22,14.1,0.114,0.174,0.145,11.5,11.7,0.534,0.603,0.203,0.209,102.67,104.06,86.71,104.06,0.121,580,45,88,1.2,2.4,0.511,13,13,5,5,14,12,13,13,2,2,2,1,6,6,9,12,12,1,5,2,11,11,8,4,6,6,14,7,7,3,12,13,13,13,5,2021-22
15,1629675,Naz Reid,Naz,1610612750,MIN,22.0,77,42,35,0.545,15.8,105.1,105.5,105.5,108.3,107.9,107.9,-3.2,-2.4,-2.4,0.091,0.87,10.3,0.074,0.161,0.115,11.8,11.8,0.549,0.588,0.209,0.215,103.86,103.86,86.55,103.86,0.103,2616,233,476,3.0,6.2,0.489,2,3,18,14,10,17,12,12,4,4,4,16,15,15,11,17,16,3,6,6,12,13,7,6,4,4,6,8,8,7,6,6,9,8,6,2021-22
16,201976,Patrick Beverley,Patrick,1610612750,MIN,33.0,58,33,25,0.569,25.4,111.4,113.6,113.6,108.9,109.8,109.8,2.4,3.7,3.7,0.249,3.67,32.1,0.038,0.119,0.077,8.7,8.7,0.501,0.539,0.158,0.16,102.46,101.06,84.22,101.06,0.094,3105,177,436,3.1,7.5,0.406,11,11,7,12,5,7,6,6,7,8,8,9,5,5,4,2,4,8,9,8,5,5,14,13,11,11,17,17,17,9,9,7,8,6,14,2021-22
17,1627752,Taurean Prince,Taurean,1610612750,MIN,28.0,69,40,29,0.58,17.1,111.0,111.6,111.6,110.4,110.9,110.9,0.6,0.7,0.7,0.08,1.28,12.5,0.021,0.12,0.07,9.8,9.7,0.564,0.589,0.166,0.171,105.09,104.57,87.15,104.57,0.076,2553,177,390,2.6,5.7,0.454,7,5,12,10,9,10,8,8,14,14,14,13,11,11,13,11,13,14,8,11,7,7,5,5,8,8,3,6,6,12,9,9,11,9,9,2021-22
0,1630162,Anthony Edwards,Anthony,1610612750,MIN,19.0,72,23,49,0.319,32.1,108.9,110.6,110.6,114.1,115.6,115.6,-5.2,-5.0,-5.0,0.142,1.32,12.4,0.023,0.121,0.07,9.4,9.4,0.488,0.523,0.264,0.269,104.17,102.71,85.59,102.71,0.094,4961,505,1211,7.0,16.8,0.417,1,1,16,6,3,4,2,2,14,15,15,6,5,5,5,11,10,9,7,8,7,7,10,11,3,3,7,13,13,8,1,1,3,2,11,2020-21
1,1630204,Ashton Hagans,Ashton,1610612750,MIN,21.0,2,0,2,0.0,2.0,61.5,60.0,60.0,104.2,81.8,81.8,-42.7,-21.8,-21.8,0.0,0.0,0.0,0.0,0.0,0.0,100.0,100.0,0.0,0.0,0.083,0.085,108.59,123.93,103.28,123.93,-0.25,10,0,0,0.0,0.0,0.0,16,16,1,16,16,16,16,16,1,1,1,16,16,16,16,16,16,16,16,16,16,16,16,16,15,15,1,1,1,16,16,16,16,16,16,2020-21
2,1626156,D'Angelo Russell,D'Angelo,1610612750,MIN,25.0,42,16,26,0.381,28.5,109.1,109.7,109.7,115.5,116.8,116.8,-6.3,-7.0,-7.0,0.323,2.18,22.8,0.012,0.077,0.044,10.4,10.4,0.523,0.555,0.283,0.29,105.04,104.18,86.82,104.18,0.114,2591,281,652,6.7,15.5,0.431,11,9,3,1,4,3,4,4,16,16,16,9,11,11,2,5,4,15,15,15,11,11,8,6,2,2,2,2,2,2,4,3,4,4,9,2020-21
3,202334,Ed Davis,Ed,1610612750,MIN,32.0,23,5,18,0.217,13.0,101.4,101.4,101.4,108.2,109.0,109.0,-6.8,-7.6,-7.6,0.1,3.0,26.9,0.127,0.235,0.176,9.0,9.1,0.432,0.487,0.078,0.079,101.64,101.24,84.37,101.24,0.079,631,19,44,0.8,1.9,0.432,15,15,2,13,15,14,14,14,4,4,4,11,13,13,8,3,3,1,2,1,5,5,15,14,16,16,16,16,16,11,15,15,15,15,8,2020-21
4,1630183,Jaden McDaniels,Jaden,1610612750,MIN,20.0,63,18,45,0.286,24.0,108.5,109.6,109.6,112.5,113.1,113.1,-4.0,-3.4,-3.4,0.064,1.51,14.1,0.032,0.118,0.073,9.3,9.3,0.545,0.552,0.118,0.121,103.92,103.13,85.94,103.13,0.05,3250,164,367,2.6,5.8,0.447,5,7,12,9,6,5,5,5,10,9,9,4,3,3,14,6,8,8,8,7,6,6,6,7,14,14,9,10,10,14,7,7,8,8,5,2020-21
5,1627774,Jake Layman,Jake,1610612750,MIN,27.0,45,12,33,0.267,13.9,101.5,101.5,101.5,107.4,107.3,107.3,-6.0,-5.8,-5.8,0.067,1.08,11.1,0.019,0.083,0.051,10.3,10.2,0.557,0.577,0.147,0.152,104.16,104.15,86.79,104.15,0.074,1360,91,184,2.0,4.1,0.495,10,11,8,11,14,13,13,13,2,2,2,8,7,7,13,13,12,13,13,14,10,10,3,4,10,10,8,3,3,12,13,13,12,13,3,2020-21
6,1629020,Jarred Vanderbilt,Jarred,1610612750,MIN,22.0,64,18,46,0.281,17.8,106.9,108.1,108.1,108.2,109.2,109.2,-1.3,-1.1,-1.1,0.091,1.43,18.6,0.096,0.211,0.153,13.0,12.9,0.608,0.612,0.118,0.122,104.82,103.75,86.46,103.75,0.107,2451,143,236,2.2,3.7,0.606,4,7,14,10,11,7,7,7,3,5,5,2,2,2,9,9,5,2,3,3,15,15,1,1,13,13,4,5,5,4,8,12,10,14,1,2020-21
7,1629633,Jarrett Culver,Jarrett,1610612750,MIN,22.0,34,7,27,0.206,14.7,100.5,99.0,99.0,109.2,109.7,109.7,-8.7,-10.7,-10.7,0.079,0.86,9.9,0.059,0.132,0.094,11.5,11.6,0.449,0.476,0.179,0.185,103.18,103.72,86.44,103.72,0.057,1071,69,168,2.0,4.9,0.411,14,14,4,15,13,15,15,15,6,6,6,14,15,15,11,15,13,4,6,6,14,14,14,15,7,7,15,7,7,13,14,14,11,10,13,2020-21
8,1629669,Jaylen Nowell,Jaylen,1610612750,MIN,21.0,42,10,32,0.238,18.1,104.5,104.5,104.5,111.0,111.1,111.1,-6.5,-6.6,-6.6,0.13,2.21,13.9,0.022,0.098,0.058,6.3,6.2,0.499,0.528,0.206,0.214,103.83,103.74,86.45,103.74,0.081,1645,142,335,3.4,8.0,0.424,11,12,7,12,10,10,10,10,7,7,7,10,10,10,6,4,9,10,11,12,1,1,9,9,6,6,11,6,6,10,9,8,6,6,10,2020-21
9,1629162,Jordan McLaughlin,Jordan,1610612750,MIN,25.0,51,15,36,0.294,18.4,101.7,102.6,102.6,108.9,108.8,108.8,-7.2,-6.3,-6.3,0.292,3.78,38.6,0.02,0.09,0.053,10.2,10.2,0.481,0.502,0.133,0.136,103.86,103.41,86.18,103.41,0.095,2018,100,242,2.0,4.7,0.413,8,10,10,8,9,12,12,12,5,3,3,13,8,8,3,2,2,12,12,13,9,9,11,13,11,11,10,8,8,7,12,11,13,11,12,2020-21
10,1629006,Josh Okogie,Josh,1610612750,MIN,22.0,59,21,38,0.356,20.3,106.8,107.7,107.7,112.4,114.3,114.3,-5.6,-6.6,-6.6,0.072,1.47,15.5,0.048,0.079,0.063,10.6,10.6,0.459,0.524,0.119,0.122,104.28,102.94,85.78,102.94,0.045,2556,102,254,1.7,4.3,0.402,6,4,11,4,7,8,9,9,9,11,11,7,9,9,12,8,7,6,14,10,12,12,12,10,12,12,6,11,11,15,11,10,14,12,14,2020-21
11,1627823,Juancho Hernangomez,Juancho,1610612750,MIN,25.0,52,19,33,0.365,17.3,110.2,110.5,110.5,114.1,115.4,115.4,-3.9,-4.9,-4.9,0.055,1.3,8.7,0.047,0.177,0.11,6.7,6.7,0.527,0.549,0.167,0.172,103.45,102.74,85.62,102.74,0.085,1937,130,299,2.5,5.8,0.435,7,5,8,3,12,2,3,3,15,14,14,3,4,4,15,12,15,7,4,5,2,2,7,8,8,8,14,12,12,9,10,9,9,9,7,2020-21
12,1626157,Karl-Anthony Towns,Karl-Anthony,1610612750,MIN,25.0,50,19,31,0.38,33.8,112.5,114.6,114.6,112.9,114.7,114.7,-0.4,-0.1,-0.1,0.216,1.41,16.2,0.075,0.237,0.154,11.5,11.5,0.555,0.612,0.286,0.292,103.51,101.77,84.81,101.77,0.155,3588,425,875,8.5,17.5,0.486,9,5,6,2,1,1,1,1,11,12,12,1,1,1,4,10,6,3,1,2,13,13,4,2,1,1,13,15,15,1,2,2,1,1,4,2020-21
13,1627736,Malik Beasley,Malik,1610612750,MIN,24.0,37,8,29,0.216,32.8,106.2,107.9,107.9,113.0,115.0,115.0,-6.8,-7.2,-7.2,0.114,1.47,11.3,0.021,0.112,0.064,7.7,7.7,0.547,0.57,0.235,0.241,103.82,102.1,85.09,102.1,0.101,2577,264,600,7.1,16.2,0.44,13,13,5,14,2,9,8,8,13,13,13,12,12,12,7,7,11,11,9,9,3,3,5,5,4,4,12,14,14,5,5,4,2,3,6,2020-21
14,1629675,Naz Reid,Naz,1610612750,MIN,21.0,70,22,48,0.314,19.2,101.9,102.7,102.7,111.5,112.4,112.4,-9.7,-9.7,-9.7,0.088,1.04,9.1,0.054,0.173,0.111,8.7,8.7,0.576,0.599,0.218,0.225,104.9,104.06,86.72,104.06,0.113,2915,304,581,4.3,8.3,0.523,2,3,15,7,8,11,11,11,8,8,8,15,14,14,10,14,14,5,5,4,4,4,2,3,5,5,3,4,4,3,3,5,5,5,2,2020-21
15,201937,Ricky Rubio,Ricky,1610612750,MIN,30.0,68,23,45,0.338,26.1,108.0,109.3,109.3,112.9,114.3,114.3,-5.0,-5.0,-5.0,0.33,3.9,39.2,0.014,0.11,0.06,10.0,10.0,0.454,0.516,0.155,0.158,104.59,103.33,86.1,103.33,0.098,3816,193,498,2.8,7.3,0.388,3,1,12,5,5,6,6,6,12,10,10,5,6,6,1,1,1,14,10,11,8,8,13,12,9,9,5,9,9,6,6,6,7,7,15,2020-21
0,203459,Allen Crabbe,Allen,1610612750,MIN,28.0,9,1,8,0.111,14.6,94.6,94.4,94.4,112.7,111.8,111.8,-18.1,-17.4,-17.4,0.054,1.0,11.1,0.006,0.091,0.043,11.1,11.1,0.412,0.416,0.12,0.123,110.5,111.08,92.57,111.08,0.01,302,11,34,1.2,3.8,0.324,22,22,3,24,19,23,23,23,18,17,17,23,23,23,21,19,15,22,19,21,16,16,20,23,23,23,3,3,3,23,22,22,21,19,22,2019-20
1,203952,Andrew Wiggins,Andrew,1610612744,GSW,25.0,42,12,30,0.286,34.7,106.6,108.0,108.0,111.3,111.8,111.8,-4.6,-3.8,-3.8,0.182,1.45,13.6,0.03,0.115,0.071,9.4,9.4,0.502,0.535,0.276,0.281,104.6,103.69,86.4,103.69,0.106,3145,351,790,8.4,18.8,0.444,5,5,20,12,1,9,8,8,16,18,18,12,12,12,8,10,11,12,14,14,11,11,12,16,3,3,18,22,22,9,1,1,2,1,11,2019-20
2,1626156,D'Angelo Russell,D'Angelo,1610612750,MIN,24.0,12,3,9,0.25,32.6,110.8,112.3,112.3,114.6,114.6,114.6,-3.8,-2.3,-2.3,0.302,1.72,21.9,0.007,0.125,0.064,12.8,12.8,0.502,0.553,0.281,0.286,109.63,108.87,90.73,108.87,0.119,888,87,211,7.3,17.6,0.412,21,20,4,19,4,4,4,4,19,20,20,9,9,9,4,6,6,21,13,17,19,19,11,12,1,2,4,6,6,5,11,11,4,3,15,2019-20
3,203476,Gorgui Dieng,Gorgui,1610612763,MEM,30.0,46,13,33,0.283,16.9,97.8,97.6,97.6,102.5,102.6,102.6,-4.8,-5.1,-5.1,0.127,1.32,14.3,0.083,0.224,0.151,10.8,10.9,0.531,0.563,0.185,0.19,102.5,102.53,85.44,102.53,0.137,1653,124,277,2.7,6.0,0.448,4,4,21,17,16,21,21,21,3,5,5,13,16,16,9,14,10,3,2,3,14,14,9,10,10,10,24,24,24,3,7,8,15,14,9,2019-20
4,1628980,Jacob Evans,Jacob,1610612750,MIN,23.0,2,1,1,0.5,2.1,153.1,163.6,163.6,88.9,72.7,72.7,64.2,90.9,90.9,0.0,0.0,0.0,0.0,0.0,0.0,0.0,0.0,0.0,0.0,0.091,0.085,116.78,123.75,103.13,123.75,-0.035,11,0,1,0.0,0.5,0.0,23,22,1,1,24,1,1,1,1,1,1,1,1,1,23,23,23,23,24,24,1,1,23,24,24,24,1,1,1,24,23,23,23,23,23,2019-20
5,1627774,Jake Layman,Jake,1610612750,MIN,26.0,23,11,12,0.478,22.0,105.9,106.6,106.6,105.5,104.6,104.6,0.3,2.0,2.0,0.041,0.63,6.5,0.03,0.075,0.052,10.4,10.3,0.52,0.544,0.165,0.17,109.58,109.7,91.41,109.7,0.059,1154,81,179,3.5,7.8,0.453,16,9,8,3,12,11,10,10,6,7,7,3,2,2,22,22,22,11,21,19,13,13,10,13,16,15,5,5,5,20,14,14,10,12,8,2019-20
6,201949,James Johnson,James,1610612750,MIN,33.0,14,4,10,0.286,24.2,104.5,105.8,105.8,116.0,117.2,117.2,-11.5,-11.4,-11.4,0.235,1.61,23.1,0.043,0.145,0.09,14.4,14.4,0.566,0.588,0.201,0.206,111.2,109.87,91.56,109.87,0.099,772,64,128,4.6,9.1,0.5,18,17,5,12,9,14,14,14,21,22,22,22,21,21,5,7,5,7,9,8,23,23,4,4,6,6,2,4,4,12,16,18,5,8,4,2019-20
7,1629020,Jarred Vanderbilt,Jarred,1610612750,MIN,21.0,2,1,1,0.5,2.6,18.6,18.2,18.2,116.1,92.9,92.9,-97.5,-74.7,-74.7,0.0,0.0,0.0,0.0,0.143,0.071,0.0,0.0,0.0,0.532,0.182,0.175,103.27,117.57,97.98,117.57,0.222,11,0,1,0.0,0.5,0.0,23,22,1,1,23,24,24,24,22,2,2,24,24,24,23,23,23,23,10,13,1,1,23,17,11,13,23,2,2,1,23,23,23,23,23,2019-20
8,1629633,Jarrett Culver,Jarrett,1610612750,MIN,21.0,63,19,44,0.302,23.9,104.9,106.0,106.0,108.7,109.3,109.3,-3.8,-3.3,-3.3,0.105,1.36,13.5,0.041,0.092,0.065,10.0,10.0,0.462,0.467,0.187,0.19,106.07,105.22,87.69,105.22,0.055,3304,230,569,3.7,9.0,0.404,1,1,24,10,10,13,13,13,10,12,12,11,10,10,12,13,12,9,18,16,12,12,18,21,8,9,14,15,15,21,3,3,9,9,17,2019-20
9,1629669,Jaylen Nowell,Jaylen,1610612750,MIN,20.0,15,2,13,0.133,10.1,99.5,99.7,99.7,98.2,98.5,98.5,1.3,1.2,1.2,0.194,6.33,23.2,0.016,0.065,0.038,3.7,3.6,0.387,0.471,0.165,0.172,107.7,107.46,89.55,107.46,0.08,342,19,53,1.3,3.5,0.358,17,21,9,23,21,19,19,19,2,3,3,2,3,3,7,1,4,18,23,23,3,3,22,20,15,14,8,8,8,17,21,21,20,20,20,2019-20
10,201952,Jeff Teague,Jeff,1610612737,ATL,32.0,34,12,22,0.353,27.8,107.3,107.9,107.9,111.2,111.9,111.9,-3.8,-3.9,-3.9,0.325,2.74,31.1,0.015,0.071,0.044,11.4,11.3,0.498,0.578,0.2,0.205,104.91,104.31,86.93,104.31,0.109,2059,145,324,4.3,9.5,0.448,9,5,14,6,7,7,9,9,15,19,19,10,13,13,1,3,3,19,22,20,18,18,13,6,7,7,17,19,19,7,6,6,8,7,10,2019-20
11,1628395,Jordan Bell,Jordan,1610612739,CLE,25.0,27,8,19,0.296,8.7,106.1,106.4,106.4,108.9,108.2,108.2,-2.8,-1.8,-1.8,0.088,0.78,13.3,0.113,0.203,0.158,17.1,17.2,0.55,0.57,0.156,0.16,104.33,104.47,87.06,104.47,0.102,512,32,60,1.2,2.2,0.533,15,13,10,11,22,10,11,11,11,10,10,7,8,8,15,20,13,1,5,1,24,24,7,9,18,18,21,18,18,10,20,20,22,22,2,2019-20
12,1629162,Jordan McLaughlin,Jordan,1610612750,MIN,24.0,30,7,23,0.233,19.7,104.0,105.3,105.3,111.5,111.1,111.1,-7.5,-5.8,-5.8,0.303,4.03,35.8,0.01,0.079,0.04,8.9,8.8,0.57,0.587,0.151,0.156,106.96,106.5,88.75,106.5,0.11,1313,87,178,2.9,5.9,0.489,12,16,16,21,14,15,15,15,17,16,16,18,17,17,3,2,1,20,20,22,10,10,3,5,19,19,10,10,10,6,11,15,13,15,5,2019-20
13,1629006,Josh Okogie,Josh,1610612750,MIN,21.0,62,19,43,0.306,25.0,105.6,106.3,106.3,110.8,111.0,111.0,-5.2,-4.7,-4.7,0.089,1.14,14.8,0.05,0.114,0.081,13.0,13.0,0.479,0.553,0.148,0.151,106.33,105.88,88.23,105.88,0.07,3413,170,398,2.7,6.4,0.427,2,1,23,9,8,12,12,12,14,15,15,15,15,15,14,18,9,6,15,10,20,21,16,11,20,20,13,13,13,19,5,5,14,13,13,2019-20
14,1627823,Juancho Hernangomez,Juancho,1610612750,MIN,24.0,14,4,10,0.286,29.4,111.3,112.9,112.9,118.8,118.9,118.9,-7.5,-5.9,-5.9,0.057,1.29,9.5,0.042,0.208,0.119,7.4,7.4,0.558,0.576,0.167,0.169,108.53,107.65,89.71,107.65,0.084,919,62,137,4.4,9.8,0.453,18,17,5,12,6,3,3,3,24,23,23,19,18,18,20,15,19,8,3,5,7,7,5,7,14,16,6,7,7,16,17,17,7,6,7,2019-20
15,1626157,Karl-Anthony Towns,Karl-Anthony,1610612750,MIN,24.0,35,10,25,0.286,33.9,112.2,113.9,113.9,115.5,115.4,115.4,-3.3,-1.5,-1.5,0.21,1.39,15.7,0.075,0.24,0.155,11.3,11.2,0.6,0.642,0.278,0.287,105.46,104.69,87.24,104.69,0.168,2599,316,622,9.0,17.8,0.508,8,10,17,12,2,2,2,2,20,21,21,8,6,6,6,11,8,4,1,2,17,17,1,1,2,1,15,16,16,2,2,2,1,2,3,2019-20
16,1628966,Keita Bates-Diop,Keita,1610612743,DEN,24.0,37,8,29,0.216,17.5,98.5,98.1,98.1,109.2,109.7,109.7,-10.7,-11.6,-11.6,0.076,2.14,10.8,0.028,0.13,0.077,5.0,5.0,0.498,0.535,0.157,0.162,104.15,104.09,86.74,104.09,0.088,1400,87,206,2.4,5.6,0.422,6,13,19,22,15,20,20,20,12,13,13,21,22,22,16,5,17,13,12,11,4,4,14,15,17,17,22,20,20,14,11,12,16,17,14,2019-20
17,1629103,Kelan Martin,Kelan,1610612750,MIN,24.0,31,12,19,0.387,16.0,100.7,101.4,101.4,102.7,103.1,103.1,-1.9,-1.7,-1.7,0.071,1.15,9.7,0.021,0.154,0.085,8.4,8.4,0.461,0.506,0.171,0.177,107.01,106.45,88.71,106.45,0.077,1096,71,181,2.3,5.8,0.392,11,5,10,4,18,18,18,18,4,6,6,5,7,7,17,17,18,15,8,9,9,9,19,18,13,12,9,11,11,18,15,13,17,16,19,2019-20
18,1627736,Malik Beasley,Malik,1610612750,MIN,23.0,14,4,10,0.286,33.1,109.5,111.6,111.6,117.8,119.4,119.4,-8.3,-7.7,-7.7,0.091,1.29,9.2,0.018,0.137,0.074,7.2,7.2,0.577,0.591,0.231,0.235,107.88,106.17,88.47,106.17,0.101,1025,110,233,7.9,16.6,0.472,18,17,5,12,3,5,5,5,23,24,24,20,20,20,13,15,20,16,11,12,6,6,2,3,5,5,7,12,12,11,9,10,3,4,6,2019-20
19,1629675,Naz Reid,Naz,1610612750,MIN,20.0,30,8,22,0.267,16.5,106.7,108.4,108.4,107.5,107.6,107.6,-0.8,0.7,0.7,0.106,1.59,10.9,0.06,0.176,0.115,6.8,6.8,0.477,0.505,0.234,0.239,106.46,105.6,88.0,105.6,0.085,1089,100,243,3.3,8.1,0.412,12,13,14,18,17,8,7,7,9,9,9,4,4,4,11,8,16,5,6,6,5,5,17,19,4,4,11,14,14,15,10,9,11,10,16,2019-20
20,203943,Noah Vonleh,Noah,1610612743,DEN,24.0,29,10,19,0.345,12.0,96.8,97.4,97.4,103.3,102.1,102.1,-6.5,-4.7,-4.7,0.116,1.37,18.1,0.084,0.207,0.144,13.2,13.3,0.558,0.605,0.136,0.138,106.45,106.79,88.99,106.79,0.127,767,47,86,1.6,3.0,0.547,14,10,10,7,20,22,22,22,5,4,4,17,14,14,10,12,7,2,4,4,22,22,6,2,21,21,12,9,9,4,19,19,19,21,1,2019-20
21,203496,Robert Covington,Robert,1610612745,HOU,29.0,48,15,33,0.313,29.4,107.6,109.2,109.2,110.1,110.4,110.4,-2.5,-1.1,-1.1,0.057,0.77,8.4,0.024,0.174,0.097,11.0,11.0,0.544,0.572,0.176,0.179,104.53,103.64,86.36,103.64,0.09,3043,216,496,4.5,10.3,0.435,3,3,21,8,5,6,6,6,13,14,14,6,5,5,19,21,21,14,7,7,15,15,8,8,12,11,19,23,23,13,4,4,6,5,12,2019-20
22,203894,Shabazz Napier,Shabazz,1610612764,WAS,28.0,36,9,27,0.25,23.8,101.8,103.2,103.2,107.4,107.0,107.0,-5.6,-3.8,-3.8,0.325,2.46,32.2,0.017,0.108,0.06,13.1,13.0,0.486,0.539,0.186,0.191,104.94,104.48,87.07,104.48,0.107,1866,114,283,3.2,7.9,0.403,7,12,18,19,11,17,16,16,8,8,8,16,11,11,2,4,2,17,16,18,21,20,15,14,9,8,16,17,17,8,8,7,12,11,18,2019-20
23,1626203,Treveon Graham,Treveon,1610612737,ATL,26.0,33,12,21,0.364,20.1,102.4,102.2,102.2,107.4,108.9,108.9,-5.0,-6.7,-6.7,0.065,1.58,12.4,0.039,0.097,0.068,7.9,7.9,0.411,0.447,0.131,0.134,104.4,103.79,86.49,103.79,0.038,1427,62,175,1.9,5.3,0.354,10,5,13,5,13,16,17,17,7,11,11,14,19,19,18,9,14,10,17,15,8,8,21,22,22,22,20,21,21,22,17,16,18,18,21,2019-20
0,203952,Andrew Wiggins,Andrew,1610612750,MIN,24.0,73,31,42,0.425,34.8,109.0,110.7,110.7,110.7,111.9,111.9,-1.7,-1.2,-1.2,0.108,1.33,11.1,0.031,0.099,0.065,8.3,8.3,0.461,0.493,0.24,0.244,102.89,101.57,84.64,101.57,0.078,5379,498,1209,6.8,16.6,0.412,4,5,18,14,2,7,5,5,12,13,13,9,9,9,12,12,17,8,11,11,10,10,17,16,4,4,6,13,13,13,2,2,4,2,16,2018-19
1,201229,Anthony Tolliver,Anthony,1610612750,MIN,34.0,65,27,38,0.415,16.6,104.0,104.5,104.5,109.0,108.6,108.6,-5.0,-4.1,-4.1,0.059,1.28,12.6,0.012,0.143,0.075,9.9,9.8,0.539,0.571,0.121,0.125,102.64,102.57,85.48,102.57,0.064,2320,99,259,1.5,4.0,0.382,8,8,15,15,14,17,18,18,6,5,5,13,13,13,20,15,14,16,5,9,16,16,9,10,21,21,10,6,6,16,11,10,18,18,18,2018-19
2,203710,C.J. Williams,C.J.,1610612750,MIN,29.0,15,4,11,0.267,8.5,96.9,95.5,95.5,112.1,113.0,113.0,-15.2,-17.5,-17.5,0.158,2.4,23.1,0.007,0.053,0.029,9.6,9.5,0.557,0.55,0.138,0.145,100.09,100.37,83.64,100.37,0.049,267,17,35,1.1,2.3,0.486,16,17,7,20,19,20,20,20,16,17,17,21,21,21,9,9,5,19,20,19,15,15,5,12,20,17,19,18,18,20,17,18,19,20,6,2018-19
3,1629244,Cam Reynolds,Cam,1610612750,MIN,24.0,19,6,13,0.316,13.7,105.8,107.5,107.5,113.2,112.4,112.4,-7.4,-4.9,-4.9,0.073,2.6,13.0,0.014,0.102,0.057,5.0,5.0,0.558,0.58,0.141,0.144,101.75,101.29,84.41,101.29,0.063,548,33,78,1.7,4.1,0.423,15,16,9,17,15,15,12,12,18,15,15,15,14,14,15,8,10,14,10,13,2,2,4,6,17,18,12,14,14,17,16,16,16,17,12,2018-19
4,203967,Dario Saric,Dario,1610612750,MIN,25.0,68,31,37,0.456,23.9,109.2,109.8,109.8,111.2,111.6,111.6,-2.0,-1.8,-1.8,0.087,1.4,12.9,0.06,0.157,0.108,9.2,9.1,0.54,0.579,0.172,0.177,103.15,102.65,85.54,102.65,0.093,3489,256,564,3.8,8.3,0.454,6,5,14,7,8,5,6,6,13,12,12,10,10,10,14,11,13,5,4,4,13,13,8,8,10,9,4,5,5,10,5,4,8,7,9,2018-19
5,201565,Derrick Rose,Derrick,1610612750,MIN,30.0,51,24,27,0.471,27.3,110.3,111.5,111.5,109.8,110.8,110.8,0.6,0.7,0.7,0.244,2.68,19.6,0.022,0.07,0.046,7.3,7.3,0.518,0.557,0.261,0.269,104.64,103.61,86.34,103.61,0.128,3012,363,753,7.1,14.8,0.482,9,9,13,5,6,3,4,4,8,9,9,3,4,4,5,7,6,11,15,14,5,5,12,11,3,3,1,4,4,3,3,3,3,4,7,2018-19
6,203476,Gorgui Dieng,Gorgui,1610612750,MIN,29.0,76,33,43,0.434,13.6,106.2,105.2,105.2,111.3,109.0,109.0,-5.1,-3.8,-3.8,0.106,1.26,13.0,0.072,0.225,0.145,10.3,10.3,0.527,0.572,0.194,0.201,102.08,103.64,86.36,103.64,0.118,2211,189,377,2.5,5.0,0.501,2,2,20,10,16,13,15,15,15,7,7,14,12,12,13,16,11,4,2,2,17,17,10,9,7,7,11,3,3,4,7,9,13,14,3,2018-19
7,203477,Isaiah Canaan,Isaiah,1610612749,MIL,28.0,7,3,4,0.429,13.6,105.9,107.9,107.9,117.7,115.8,115.8,-11.8,-7.9,-7.9,0.292,4.75,35.2,0.0,0.058,0.027,7.4,7.4,0.5,0.536,0.167,0.168,97.77,97.67,81.39,97.67,0.084,190,11,29,1.6,4.1,0.379,20,19,2,12,17,14,11,11,20,19,19,18,16,16,2,3,3,20,19,20,6,6,13,13,11,13,21,21,21,12,19,19,17,16,19,2018-19
8,203263,James Nunnally,James,1610612745,HOU,28.0,13,7,6,0.538,4.9,108.8,105.7,105.7,122.3,118.1,118.1,-13.5,-12.4,-12.4,0.109,5.0,17.9,0.0,0.063,0.03,3.6,3.5,0.548,0.593,0.151,0.164,100.97,104.24,86.87,104.24,0.069,140,9,21,0.7,1.6,0.429,18,15,3,3,21,8,14,14,21,21,21,19,20,20,11,2,8,20,18,18,1,1,6,3,15,14,14,1,1,14,20,20,21,21,11,2018-19
9,1629123,Jared Terrell,Jared,1610612750,MIN,24.0,14,4,10,0.286,7.9,96.5,94.1,94.1,108.0,106.4,106.4,-11.4,-12.3,-12.3,0.182,1.2,18.8,0.008,0.044,0.025,15.6,15.7,0.359,0.372,0.197,0.203,99.67,101.69,84.74,101.69,-0.009,236,12,39,0.9,2.8,0.308,17,17,5,19,20,21,21,21,4,4,4,17,18,18,7,18,7,18,21,21,21,21,21,21,6,6,20,12,12,21,18,17,20,19,21,2018-19
10,201952,Jeff Teague,Jeff,1610612750,MIN,31.0,42,23,19,0.548,30.1,111.2,113.0,113.0,110.7,113.1,113.1,0.5,-0.1,-0.1,0.366,3.54,37.2,0.012,0.067,0.039,10.5,10.5,0.465,0.528,0.186,0.189,103.78,101.85,84.87,101.85,0.103,2683,176,416,4.2,9.9,0.423,10,10,10,1,5,2,2,2,11,18,18,4,6,6,1,5,2,17,17,17,18,18,16,14,8,8,3,10,10,7,9,8,7,6,12,2018-19
11,201573,Jerryd Bayless,Jerryd,1610612750,MIN,30.0,34,15,19,0.441,19.3,103.6,105.0,105.0,117.2,117.4,117.4,-13.6,-12.4,-12.4,0.262,3.72,30.4,0.015,0.08,0.045,8.2,8.1,0.42,0.431,0.172,0.177,100.5,99.69,83.08,99.69,0.059,1368,82,230,2.4,6.8,0.357,11,11,10,9,11,19,16,16,19,20,20,20,19,19,4,4,4,13,14,15,9,9,20,20,9,10,17,19,19,18,12,12,14,10,20,2018-19
12,202710,Jimmy Butler,Jimmy,1610612755,PHI,29.0,10,3,7,0.3,36.1,103.9,104.8,104.8,112.3,112.7,112.7,-8.4,-7.9,-7.9,0.198,3.07,17.8,0.039,0.098,0.067,5.8,5.8,0.525,0.579,0.224,0.229,102.85,102.18,85.15,102.18,0.138,769,74,157,7.4,15.7,0.471,19,19,4,18,1,18,17,17,17,16,16,16,17,17,6,6,9,7,13,10,4,4,11,7,5,5,7,8,8,2,13,13,2,3,8,2018-19
13,1629006,Josh Okogie,Josh,1610612750,MIN,20.0,74,32,42,0.432,23.7,109.1,109.6,109.6,110.2,110.6,110.6,-1.2,-1.0,-1.0,0.068,1.44,12.4,0.021,0.098,0.059,8.6,8.6,0.445,0.492,0.148,0.151,104.36,103.89,86.57,103.89,0.051,3797,196,508,2.6,6.9,0.386,3,3,18,11,9,6,7,7,10,8,8,8,8,8,17,10,16,12,12,12,12,12,19,17,16,16,2,2,2,19,6,6,12,9,17,2018-19
14,1626157,Karl-Anthony Towns,Karl-Anthony,1610612750,MIN,23.0,77,34,43,0.442,33.0,109.9,112.2,112.2,110.1,111.3,111.3,-0.2,0.9,0.9,0.169,1.08,13.0,0.097,0.257,0.176,12.0,11.9,0.572,0.622,0.28,0.287,102.65,101.05,84.21,101.05,0.177,5361,681,1314,8.8,17.1,0.518,1,1,20,8,4,4,3,3,9,10,10,5,3,3,8,20,12,1,1,1,19,19,2,1,1,1,9,15,15,1,1,1,1,1,2,2018-19
15,1628966,Keita Bates-Diop,Keita,1610612750,MIN,23.0,30,10,20,0.333,16.8,106.4,107.1,107.1,111.2,112.2,112.2,-4.9,-5.1,-5.1,0.047,1.21,9.1,0.029,0.129,0.077,7.5,7.6,0.468,0.489,0.14,0.143,101.63,100.84,84.03,100.84,0.065,1058,60,142,2.0,4.7,0.423,12,14,12,16,13,12,13,13,14,14,14,12,15,15,21,17,21,9,7,8,7,8,15,19,18,19,13,17,17,15,14,14,15,15,14,2018-19
16,2736,Luol Deng,Luol,1610612750,MIN,34.0,22,11,11,0.5,17.8,115.2,115.1,115.1,105.1,105.1,105.1,10.1,10.0,10.0,0.062,1.29,10.9,0.049,0.125,0.088,8.5,8.5,0.559,0.588,0.155,0.16,100.82,100.84,84.03,100.84,0.093,826,59,118,2.7,5.4,0.5,13,13,7,4,12,1,1,1,2,2,2,1,1,1,18,13,18,6,8,6,11,11,3,4,14,15,15,16,16,9,15,15,11,13,4,2018-19
17,1628249,Mitchell Creek,Mitchell,1610612750,MIN,27.0,1,0,1,0.0,11.5,104.7,104.2,104.2,106.9,104.0,104.0,-2.2,0.2,0.2,0.143,1.0,12.5,0.091,0.125,0.105,12.5,12.5,0.5,0.5,0.28,0.281,100.45,102.11,85.09,102.11,0.109,24,3,6,3.0,6.0,0.5,21,21,1,21,18,16,19,19,3,1,1,11,5,5,10,21,15,3,9,5,20,20,13,15,2,2,18,9,9,5,21,21,9,12,4,2018-19
18,203496,Robert Covington,Robert,1610612750,MIN,28.0,22,12,10,0.545,34.7,107.3,108.9,108.9,104.2,106.1,106.1,3.1,2.8,2.8,0.061,1.28,9.7,0.026,0.135,0.079,7.6,7.6,0.545,0.58,0.164,0.168,100.69,99.1,82.58,99.1,0.091,1575,106,245,4.8,11.1,0.433,13,12,5,2,3,11,9,9,1,3,3,2,2,2,19,14,20,10,6,7,8,7,7,5,13,12,16,20,20,11,10,11,5,5,10,2018-19
19,201959,Taj Gibson,Taj,1610612750,MIN,34.0,70,32,38,0.457,24.1,108.6,109.5,109.5,109.7,111.6,111.6,-1.1,-2.1,-2.1,0.072,1.15,10.9,0.095,0.161,0.128,9.4,9.5,0.576,0.612,0.167,0.171,103.05,101.76,84.8,101.76,0.108,3572,304,537,4.3,7.7,0.566,5,3,15,6,7,9,8,8,7,11,11,7,11,11,16,19,19,2,3,3,14,14,1,2,12,11,5,11,11,6,4,5,6,8,1,2018-19
20,1626145,Tyus Jones,Tyus,1610612750,MIN,23.0,68,29,39,0.426,22.9,108.0,108.4,108.4,108.7,108.7,108.7,-0.7,-0.3,-0.3,0.284,6.96,38.6,0.014,0.069,0.041,5.5,5.5,0.46,0.491,0.139,0.143,102.68,102.43,85.36,102.43,0.095,3334,185,446,2.7,6.6,0.415,6,7,17,13,10,10,10,10,5,6,6,6,7,7,3,1,1,15,16,16,3,3,18,18,19,20,8,7,7,8,8,7,10,11,15,2018-19
0,201166,Aaron Brooks,Aaron,1610612750,MIN,33.0,32,19,13,0.594,5.9,102.2,98.5,98.5,119.1,115.7,115.7,-16.9,-17.2,-17.2,0.161,1.82,19.0,0.036,0.057,0.046,10.5,10.5,0.486,0.508,0.192,0.201,97.6,100.86,84.05,100.86,0.044,395,28,69,0.9,2.2,0.406,11,11,5,4,12,15,16,16,15,15,15,15,15,15,6,7,5,8,11,10,15,15,10,11,9,9,13,5,5,14,11,11,14,12,14,2017-18
1,203952,Andrew Wiggins,Andrew,1610612750,MIN,23.0,82,47,35,0.573,36.3,111.0,112.5,112.5,107.7,108.9,108.9,3.3,3.5,3.5,0.08,1.16,9.2,0.028,0.094,0.061,7.9,7.9,0.481,0.505,0.228,0.232,98.79,97.56,81.3,97.56,0.076,6052,569,1300,6.9,15.9,0.438,1,1,12,7,2,9,7,7,6,8,8,7,7,7,11,13,14,11,8,8,7,7,12,12,4,4,9,12,12,10,2,1,3,1,10,2017-18
2,1626148,Anthony Brown,Anthony,1610612750,MIN,25.0,1,0,1,0.0,3.7,135.1,120.0,120.0,93.4,90.0,90.0,41.8,30.0,30.0,0.333,0.0,50.0,0.0,0.0,0.0,0.0,0.0,1.5,1.5,0.1,0.113,119.06,128.57,107.14,128.57,0.229,10,1,1,1.0,1.0,1.0,15,15,1,15,14,1,1,1,1,1,1,1,1,1,1,15,1,15,15,15,1,1,1,1,16,16,1,1,1,1,15,16,12,15,1,2017-18
3,202332,Cole Aldrich,Cole,1610612750,MIN,29.0,21,14,7,0.667,2.3,111.4,100.9,100.9,113.0,102.7,102.7,-1.6,-1.8,-1.8,0.081,3.0,13.6,0.057,0.286,0.158,4.5,4.6,0.333,0.34,0.151,0.161,98.43,108.42,90.35,108.42,0.028,110,5,15,0.2,0.7,0.333,13,13,4,1,16,7,14,14,14,3,3,10,10,10,10,2,9,4,1,2,5,5,16,16,11,11,11,3,3,15,14,14,16,16,16,2017-18
4,201565,Derrick Rose,Derrick,1610612750,MIN,29.0,9,6,3,0.667,12.4,109.4,109.6,109.6,111.2,113.5,113.5,-1.8,-3.9,-3.9,0.151,1.57,14.9,0.028,0.027,0.028,9.5,9.4,0.435,0.463,0.24,0.25,99.99,98.9,82.42,98.9,0.07,230,23,54,2.6,6.0,0.426,14,14,3,1,10,10,9,9,11,14,14,11,11,11,7,9,8,10,14,14,12,12,14,14,2,2,3,9,9,11,12,12,7,7,12,2017-18
5,203476,Gorgui Dieng,Gorgui,1610612750,MIN,28.0,79,45,34,0.57,16.9,105.4,103.9,103.9,111.0,110.5,110.5,-5.6,-6.6,-6.6,0.08,1.2,12.5,0.078,0.201,0.137,10.4,10.5,0.504,0.543,0.159,0.164,98.93,99.83,83.19,99.83,0.093,2763,186,388,2.4,4.9,0.479,6,5,11,12,9,14,13,13,10,12,12,14,14,14,12,12,10,2,3,3,14,14,7,8,10,10,8,7,7,6,7,7,9,9,5,2017-18
6,2037,Jamal Crawford,Jamal,1610612750,MIN,38.0,80,45,35,0.563,20.7,108.2,108.4,108.4,112.9,112.8,112.8,-4.7,-4.5,-4.5,0.177,1.95,17.4,0.013,0.05,0.031,8.9,8.9,0.485,0.519,0.231,0.239,98.32,98.26,81.89,98.26,0.079,3384,308,742,3.9,9.3,0.415,5,5,12,14,6,13,10,10,13,13,13,13,13,13,5,6,6,12,12,13,9,9,11,9,3,3,12,10,10,9,6,5,6,5,13,2017-18
7,201952,Jeff Teague,Jeff,1610612750,MIN,30.0,70,41,29,0.586,33.0,111.2,112.7,112.7,108.7,110.0,110.0,2.5,2.7,2.7,0.298,2.78,31.4,0.011,0.081,0.046,11.3,11.3,0.499,0.553,0.201,0.204,99.39,98.11,81.76,98.11,0.105,4729,354,794,5.1,11.3,0.446,7,7,9,6,5,8,6,6,9,11,11,8,8,8,2,3,3,14,10,11,16,16,9,7,7,8,6,11,11,4,5,4,5,4,9,2017-18
8,202710,Jimmy Butler,Jimmy,1610612750,MIN,28.0,59,37,22,0.627,36.7,113.3,114.7,114.7,105.1,106.4,106.4,8.3,8.3,8.3,0.204,2.67,19.3,0.038,0.112,0.075,7.2,7.2,0.512,0.59,0.245,0.251,96.92,95.76,79.8,95.76,0.151,4325,437,921,7.4,15.6,0.474,9,9,8,3,1,4,4,4,3,5,5,3,3,3,4,4,4,7,7,7,6,6,6,4,1,1,15,16,16,3,3,3,2,2,6,2017-18
9,1628383,Justin Patton,Justin,1610612750,MIN,21.0,1,0,1,0.0,3.7,135.1,120.0,120.0,93.4,90.0,90.0,41.8,30.0,30.0,0.0,0.0,0.0,0.0,0.0,0.0,0.0,0.0,0.5,0.5,0.2,0.225,119.06,128.57,107.14,128.57,0.057,10,1,2,1.0,2.0,0.5,15,15,1,15,14,1,1,1,1,1,1,1,1,1,16,15,16,15,15,15,1,1,8,13,8,6,1,1,1,12,15,15,12,13,4,2017-18
10,1626157,Karl-Anthony Towns,Karl-Anthony,1610612750,MIN,22.0,82,47,35,0.573,35.6,113.5,115.3,115.3,107.7,109.2,109.2,5.9,6.1,6.1,0.105,1.25,11.7,0.085,0.272,0.179,9.3,9.3,0.596,0.646,0.225,0.229,97.6,96.15,80.13,96.15,0.165,5852,639,1172,7.8,14.3,0.545,1,1,12,7,3,3,3,3,7,9,9,5,4,4,8,11,11,1,2,1,11,11,2,2,5,5,14,15,15,2,1,2,1,3,3,2017-18
11,1627875,Marcus Georges-Hunt,Marcus,1610612750,MIN,24.0,42,24,18,0.571,5.3,108.6,105.5,105.5,112.5,109.9,109.9,-3.9,-4.4,-4.4,0.045,2.33,10.4,0.03,0.043,0.036,4.5,4.5,0.479,0.515,0.111,0.118,99.84,102.48,85.4,102.48,0.017,473,21,48,0.5,1.1,0.438,10,10,7,11,13,11,12,12,12,10,10,12,12,12,14,5,12,9,13,12,4,4,13,10,15,15,4,4,4,16,13,13,15,14,11,2017-18
12,202357,Nemanja Bjelica,Nemanja,1610612750,MIN,30.0,67,38,29,0.567,20.5,108.4,107.8,107.8,108.0,107.8,107.8,0.4,0.0,0.0,0.088,1.65,16.2,0.039,0.164,0.101,9.8,9.8,0.563,0.581,0.139,0.143,99.07,99.42,82.85,99.42,0.082,2843,171,371,2.6,5.5,0.461,8,8,9,13,7,12,11,11,8,6,6,9,9,9,9,8,7,6,4,5,13,13,4,5,13,13,7,8,8,8,8,8,8,8,7,2017-18
13,203498,Shabazz Muhammad,Shabazz,1610612749,MIL,25.0,32,19,13,0.594,9.4,101.4,100.0,100.0,121.8,121.4,121.4,-20.5,-21.4,-21.4,0.037,1.4,4.7,0.051,0.12,0.083,3.4,3.4,0.405,0.446,0.202,0.205,99.53,100.38,83.65,100.38,0.048,630,47,121,1.5,3.8,0.388,11,11,5,4,11,16,15,15,16,16,16,16,16,16,15,10,15,5,6,6,3,3,15,15,6,7,5,6,6,13,10,10,11,11,15,2017-18
14,201959,Taj Gibson,Taj,1610612750,MIN,33.0,82,47,35,0.573,33.2,111.8,113.2,113.2,107.1,108.5,108.5,4.7,4.6,4.6,0.051,1.11,9.9,0.072,0.146,0.109,8.9,8.8,0.581,0.61,0.144,0.147,98.45,97.18,80.99,97.18,0.094,5513,425,737,5.2,9.0,0.577,1,1,12,7,4,6,5,5,5,7,7,6,6,6,13,14,13,3,5,4,8,8,3,3,12,12,10,14,14,5,4,6,4,6,2,2017-18
15,1626145,Tyus Jones,Tyus,1610612750,MIN,22.0,82,47,35,0.573,17.9,111.8,110.8,110.8,105.7,105.2,105.2,6.1,5.6,5.6,0.215,3.93,35.6,0.011,0.083,0.047,9.0,9.0,0.526,0.572,0.124,0.129,96.79,97.49,81.24,97.49,0.09,2985,150,328,1.8,4.0,0.457,1,1,12,7,8,5,8,8,4,4,4,4,5,5,3,1,2,13,9,9,10,10,5,6,14,14,16,13,13,7,9,9,10,10,8,2017-18
0,203940,Adreian Payne,Adreian,1610612750,MIN,26.0,18,5,13,0.278,7.5,102.6,101.8,101.8,102.2,98.6,98.6,0.4,3.2,3.2,0.089,0.88,9.0,0.06,0.179,0.117,10.3,10.3,0.454,0.505,0.219,0.224,96.68,98.82,82.35,98.82,0.081,278,23,54,1.3,3.0,0.426,12,12,5,15,14,15,15,15,3,3,3,5,3,3,10,13,13,5,4,5,7,7,12,12,3,3,12,2,2,9,12,12,12,12,9,2016-17
1,203952,Andrew Wiggins,Andrew,1610612750,MIN,22.0,82,31,51,0.378,37.2,109.8,111.1,111.1,110.4,111.3,111.3,-0.5,-0.2,-0.2,0.104,1.01,8.6,0.034,0.077,0.056,8.6,8.6,0.484,0.534,0.286,0.288,97.56,96.58,80.48,96.58,0.095,6131,709,1570,8.6,19.1,0.452,1,1,14,6,2,4,2,2,14,13,13,8,7,7,8,12,14,8,15,11,3,4,10,8,1,1,3,9,9,4,2,1,2,1,8,2016-17
2,201575,Brandon Rush,Brandon,1610612750,MIN,31.0,47,15,32,0.319,21.9,108.9,109.2,109.2,109.8,111.3,111.3,-0.8,-2.1,-2.1,0.058,1.61,16.7,0.017,0.081,0.05,10.4,10.5,0.492,0.505,0.097,0.097,96.75,95.94,79.95,95.94,0.043,2060,70,187,1.5,4.0,0.374,10,11,7,13,6,6,6,6,11,14,14,9,12,12,14,5,7,12,13,13,8,8,8,11,15,15,11,10,10,14,10,9,10,9,15,2016-17
3,202332,Cole Aldrich,Cole,1610612750,MIN,28.0,62,23,39,0.371,8.6,107.3,105.5,105.5,107.4,107.1,107.1,-0.1,-1.6,-1.6,0.063,1.47,18.2,0.098,0.212,0.154,12.4,12.3,0.523,0.549,0.091,0.094,97.4,98.34,81.95,98.34,0.076,1082,45,86,0.7,1.4,0.523,8,8,10,11,13,9,11,11,7,5,5,7,11,11,13,7,5,3,2,2,12,12,4,5,16,16,5,3,3,11,11,11,14,15,2,2016-17
4,203476,Gorgui Dieng,Gorgui,1610612750,MIN,27.0,82,31,51,0.378,32.4,108.3,110.1,110.1,108.2,109.3,109.3,0.2,0.8,0.8,0.086,1.48,15.8,0.073,0.181,0.126,10.7,10.7,0.514,0.555,0.14,0.141,96.75,95.49,79.58,95.49,0.092,5275,332,661,4.0,8.1,0.502,1,1,14,6,5,7,5,5,8,9,9,6,5,5,11,6,9,4,3,4,9,9,6,4,11,12,10,13,13,7,3,4,4,5,3,2016-17
5,101249,John Lucas III,John,1610612750,MIN,34.0,5,3,2,0.6,2.1,117.3,108.3,108.3,70.4,56.0,56.0,46.9,52.3,52.3,0.2,0.0,20.0,0.0,0.0,0.0,0.0,0.0,0.25,0.25,0.154,0.166,94.47,110.11,91.76,110.11,0.073,24,1,4,0.2,0.8,0.25,16,13,1,1,16,1,8,8,1,1,1,1,1,1,4,15,4,15,16,16,1,1,16,16,10,9,15,1,1,12,16,16,16,16,16,2016-17
6,201941,Jordan Hill,Jordan,1610612750,MIN,29.0,7,2,5,0.286,6.7,107.5,102.2,102.2,93.6,90.1,90.1,13.9,12.1,12.1,0.0,0.0,0.0,0.182,0.122,0.151,22.2,22.4,0.385,0.432,0.171,0.18,90.23,94.32,78.6,94.32,0.015,92,5,13,0.7,1.9,0.385,14,16,3,14,15,8,14,14,2,2,2,2,2,2,16,15,16,1,7,3,16,16,15,14,6,6,16,15,15,16,15,15,15,14,13,2016-17
7,1626157,Karl-Anthony Towns,Karl-Anthony,1610612750,MIN,21.0,82,31,51,0.378,37.0,109.9,111.8,111.8,110.8,112.1,112.1,-0.9,-0.3,-0.3,0.127,1.04,10.5,0.101,0.247,0.173,10.1,10.1,0.576,0.618,0.271,0.274,97.11,95.73,79.77,95.73,0.17,6041,802,1480,9.8,18.0,0.542,1,1,14,6,3,3,1,1,15,15,15,10,8,8,6,11,12,2,1,1,6,6,1,1,2,2,7,12,12,1,1,2,1,2,1,2016-17
8,1627739,Kris Dunn,Kris,1610612750,MIN,23.0,78,30,48,0.385,17.1,105.7,105.5,105.5,108.6,108.9,108.9,-2.9,-3.4,-3.4,0.2,2.11,30.5,0.018,0.112,0.064,14.4,14.4,0.411,0.432,0.139,0.142,96.76,96.7,80.59,96.7,0.051,2666,118,313,1.5,4.0,0.377,4,4,12,4,9,11,12,12,10,8,8,13,14,14,3,3,3,11,8,10,14,14,14,15,12,11,9,8,8,13,8,8,9,8,14,2016-17
9,202362,Lance Stephenson,Lance,1610612754,IND,26.0,6,3,3,0.5,11.2,102.6,101.5,101.5,106.8,109.8,109.8,-4.2,-8.3,-8.3,0.119,1.25,16.1,0.0,0.152,0.077,12.9,13.0,0.476,0.48,0.17,0.174,94.88,94.03,78.36,94.03,0.082,132,10,21,1.7,3.5,0.476,15,13,2,2,12,16,16,16,5,10,10,15,15,15,7,9,8,15,6,7,13,13,11,13,8,8,14,16,16,8,14,14,8,10,6,2016-17
10,202357,Nemanja Bjelica,Nemanja,1610612750,MIN,29.0,65,28,37,0.431,18.3,104.6,104.0,104.0,103.4,103.6,103.6,1.2,0.5,0.5,0.102,1.34,15.2,0.047,0.157,0.101,11.3,11.3,0.503,0.526,0.159,0.165,97.31,97.5,81.25,97.5,0.078,2405,151,356,2.3,5.5,0.424,7,6,8,3,8,14,13,13,4,4,4,4,6,6,9,8,10,7,5,6,10,10,7,9,9,10,6,6,6,10,7,7,7,7,10,2016-17
11,201956,Omri Casspi,Omri,1610612750,MIN,29.0,13,3,10,0.231,17.1,105.6,107.8,107.8,124.5,124.6,124.6,-18.9,-16.8,-16.8,0.071,1.1,17.5,0.027,0.082,0.051,15.9,16.0,0.526,0.542,0.099,0.1,98.98,97.94,81.62,97.94,0.034,449,19,38,1.5,2.9,0.5,13,13,4,16,10,12,9,9,16,16,16,16,16,16,12,10,6,10,12,12,15,15,3,6,14,14,1,4,4,15,13,13,11,13,4,2016-17
12,201937,Ricky Rubio,Ricky,1610612750,MIN,26.0,75,28,47,0.373,32.9,109.0,110.5,110.5,109.9,111.3,111.3,-1.0,-0.7,-0.7,0.385,3.5,41.5,0.028,0.1,0.064,11.9,11.8,0.448,0.539,0.171,0.174,97.09,95.82,79.85,95.82,0.114,4942,261,650,3.5,8.7,0.402,6,6,11,9,4,5,3,3,12,12,12,11,9,9,1,2,1,9,9,9,11,11,13,7,7,7,8,11,11,2,6,5,6,4,12,2016-17
13,203498,Shabazz Muhammad,Shabazz,1610612750,MIN,24.0,78,29,49,0.372,19.4,105.3,106.3,106.3,106.8,107.9,107.9,-1.5,-1.6,-1.6,0.038,0.63,4.5,0.055,0.094,0.074,7.3,7.2,0.523,0.566,0.209,0.214,97.93,96.95,80.79,96.95,0.094,3048,288,598,3.7,7.7,0.482,4,5,13,10,7,13,10,10,6,6,6,12,10,10,15,14,15,6,10,8,2,2,5,3,5,5,2,7,7,6,5,6,5,6,5,2016-17
14,1626145,Tyus Jones,Tyus,1610612750,MIN,21.0,60,23,37,0.383,12.9,110.7,110.3,110.3,108.2,108.3,108.3,2.5,2.0,2.0,0.276,4.11,39.7,0.013,0.078,0.045,9.7,9.6,0.486,0.523,0.132,0.135,97.47,97.56,81.3,97.56,0.096,1575,75,181,1.3,3.0,0.414,9,8,8,5,11,2,4,4,9,7,7,3,4,4,2,1,2,13,14,15,5,5,9,10,13,13,4,5,5,3,9,10,13,11,11,2016-17
15,203897,Zach LaVine,Zach,1610612750,MIN,22.0,47,16,31,0.34,37.2,106.5,108.4,108.4,110.1,111.2,111.2,-3.6,-2.8,-2.8,0.128,1.64,14.0,0.011,0.087,0.048,8.6,8.5,0.544,0.576,0.215,0.218,96.39,95.05,79.21,95.05,0.095,3454,326,710,6.9,15.1,0.459,10,10,6,12,1,10,7,7,13,11,11,14,13,13,5,4,11,14,11,14,4,3,2,2,4,4,13,14,14,5,4,3,3,3,7,2016-17
0,203940,Adreian Payne,Adreian,1610612750,MIN,25.0,52,18,34,0.346,9.3,100.7,98.8,98.8,111.5,110.8,110.8,-10.8,-12.0,-12.0,0.093,0.81,13.0,0.044,0.198,0.121,16.1,16.3,0.397,0.422,0.175,0.18,96.48,97.71,81.43,97.71,0.039,988,53,145,1.0,2.8,0.366,9,9,8,11,15,12,13,13,14,13,13,14,14,14,12,15,10,7,3,4,15,15,15,16,7,7,12,8,8,14,12,11,14,13,15,2015-16
1,1889,Andre Miller,Andre,1610612759,SAS,40.0,26,9,17,0.346,10.8,109.5,108.0,108.0,110.3,111.4,111.4,-0.8,-3.5,-3.5,0.307,2.32,39.2,0.026,0.067,0.048,16.9,16.7,0.629,0.663,0.147,0.154,91.68,91.82,76.52,91.82,0.098,540,36,58,1.4,2.2,0.621,14,13,3,11,13,1,1,1,12,14,14,4,7,7,2,5,2,10,14,14,16,16,1,1,11,11,16,16,16,5,13,14,12,14,1,2015-16
2,203952,Andrew Wiggins,Andrew,1610612750,MIN,21.0,81,29,52,0.358,35.1,105.7,106.7,106.7,106.6,107.9,107.9,-1.0,-1.3,-1.3,0.098,0.9,8.7,0.039,0.066,0.053,9.6,9.6,0.481,0.543,0.267,0.269,98.16,97.09,80.91,97.09,0.094,5757,594,1294,7.3,16.0,0.459,5,1,12,4,1,5,4,4,6,8,8,5,4,4,10,11,15,8,15,10,5,5,9,9,1,1,5,10,10,7,2,1,2,1,8,2015-16
3,204014,Damjan Rudez,Damjan,1610612750,MIN,30.0,33,9,24,0.273,8.4,105.6,104.4,104.4,107.7,106.9,106.9,-2.1,-2.5,-2.5,0.058,0.85,12.2,0.019,0.056,0.038,14.4,14.5,0.54,0.572,0.123,0.126,97.47,98.41,82.01,98.41,0.025,569,25,62,0.8,1.9,0.403,13,13,4,15,16,6,6,6,8,5,5,7,6,6,14,14,11,12,16,16,14,14,5,5,12,13,9,4,4,16,14,13,16,15,11,2015-16
4,203476,Gorgui Dieng,Gorgui,1610612750,MIN,26.0,82,29,53,0.354,27.1,106.6,106.2,106.2,105.8,106.5,106.5,0.8,-0.3,-0.3,0.099,1.02,14.7,0.077,0.196,0.138,14.4,14.4,0.537,0.601,0.165,0.169,96.84,96.69,80.57,96.69,0.115,4475,308,579,3.8,7.1,0.532,1,1,13,5,5,3,5,5,4,4,4,3,3,3,9,10,8,2,4,2,13,13,6,2,9,9,11,12,12,3,5,6,5,7,4,2015-16
5,202962,Greg Smith,Greg,1610612750,MIN,25.0,18,8,10,0.444,10.7,95.9,94.7,94.7,113.7,114.5,114.5,-17.8,-19.8,-19.8,0.049,0.86,11.3,0.059,0.169,0.111,13.2,13.3,0.563,0.545,0.104,0.108,98.13,98.41,82.0,98.41,0.045,394,18,32,1.0,1.8,0.563,15,15,1,1,14,16,16,16,15,15,15,15,15,15,16,13,12,4,5,5,12,12,3,8,15,15,6,5,5,13,16,16,15,16,2,2015-16
6,1626157,Karl-Anthony Towns,Karl-Anthony,1610612750,MIN,20.0,82,29,53,0.354,32.0,106.0,106.8,106.8,108.1,109.3,109.3,-2.1,-2.5,-2.5,0.108,0.88,10.0,0.092,0.242,0.169,11.4,11.3,0.555,0.59,0.243,0.247,97.99,97.06,80.88,97.06,0.154,5311,625,1153,7.6,14.1,0.542,1,1,13,5,2,4,3,3,9,10,10,8,5,5,8,12,13,1,1,1,9,8,4,4,2,2,8,11,11,1,1,2,1,2,3,2015-16
7,708,Kevin Garnett,Kevin,1610612750,MIN,40.0,38,14,24,0.368,14.6,103.0,102.0,102.0,96.4,97.4,97.4,6.6,4.6,4.6,0.164,3.88,30.5,0.028,0.235,0.135,7.9,7.9,0.47,0.491,0.114,0.117,96.09,96.1,80.08,96.1,0.109,1115,54,115,1.4,3.0,0.47,11,10,4,2,11,8,8,8,1,1,1,1,1,1,5,1,4,9,2,3,2,2,10,12,14,14,13,13,13,4,11,12,11,11,5,2015-16
8,2755,Kevin Martin,Kevin,1610612759,SAS,33.0,39,13,26,0.333,21.4,100.7,100.5,100.5,105.9,105.8,105.8,-5.2,-5.3,-5.3,0.095,1.12,9.5,0.012,0.086,0.049,8.5,8.5,0.434,0.523,0.225,0.23,98.78,98.88,82.4,98.88,0.077,1723,126,334,3.2,8.6,0.377,10,11,7,13,6,13,12,12,5,3,3,10,9,9,11,9,14,15,11,13,4,4,12,11,4,4,2,2,2,9,7,7,6,4,13,2015-16
9,202357,Nemanja Bjelica,Nemanja,1610612750,MIN,28.0,60,20,40,0.333,17.9,102.1,101.9,101.9,107.3,107.6,107.6,-5.2,-5.7,-5.7,0.115,1.74,21.1,0.047,0.156,0.101,12.1,12.1,0.57,0.594,0.123,0.127,98.37,98.3,81.91,98.3,0.073,2200,110,235,1.8,3.9,0.468,8,8,9,13,9,10,9,9,7,7,7,9,10,10,7,6,6,6,6,6,10,10,2,3,13,12,3,6,6,11,8,8,8,10,6,2015-16
10,201593,Nikola Pekovic,Nikola,1610612750,MIN,30.0,12,2,10,0.167,13.0,96.8,96.0,96.0,115.0,115.9,115.9,-18.3,-19.9,-19.9,0.131,1.22,13.8,0.048,0.098,0.072,11.3,11.4,0.38,0.459,0.204,0.208,92.26,92.28,76.9,92.28,0.033,299,19,50,1.6,4.2,0.38,16,16,1,16,12,15,15,15,16,16,16,16,16,16,6,8,9,5,9,8,8,9,16,14,6,6,15,15,15,15,15,15,9,9,12,2015-16
11,201937,Ricky Rubio,Ricky,1610612750,MIN,25.0,76,28,48,0.368,30.6,106.8,107.5,107.5,105.7,107.0,107.0,1.1,0.5,0.5,0.402,3.41,41.8,0.018,0.124,0.072,12.3,12.3,0.427,0.529,0.173,0.176,98.02,97.12,80.93,97.12,0.126,4696,219,586,2.9,7.7,0.374,7,6,10,2,3,2,2,2,3,6,6,2,2,2,1,2,1,13,7,9,11,11,13,10,8,8,7,9,9,2,6,5,7,6,14,2015-16
12,203498,Shabazz Muhammad,Shabazz,1610612750,MIN,23.0,82,29,53,0.354,20.5,102.1,101.3,101.3,108.8,109.1,109.1,-6.6,-7.8,-7.8,0.055,0.74,5.7,0.062,0.102,0.082,7.7,7.7,0.498,0.548,0.222,0.229,97.44,97.71,81.43,97.71,0.098,3424,317,681,3.9,8.3,0.465,1,1,13,5,7,9,10,10,10,9,9,12,12,12,15,16,16,3,8,7,1,1,8,7,5,5,10,7,7,6,4,4,4,5,7,2015-16
13,2419,Tayshaun Prince,Tayshaun,1610612750,MIN,36.0,77,27,50,0.351,19.0,101.7,101.0,101.0,103.5,105.0,105.0,-1.9,-4.0,-4.0,0.073,2.74,21.8,0.022,0.078,0.051,8.0,8.0,0.454,0.466,0.081,0.083,95.23,94.85,79.04,94.85,0.049,2882,102,229,1.3,3.0,0.445,6,7,11,10,8,11,11,11,2,2,2,6,8,8,13,4,5,11,12,12,3,3,11,13,16,16,14,14,14,12,9,9,13,12,10,2015-16
14,1626145,Tyus Jones,Tyus,1610612750,MIN,20.0,37,13,24,0.351,15.5,100.3,98.6,98.6,110.3,109.3,109.3,-10.0,-10.7,-10.7,0.278,3.27,34.7,0.012,0.073,0.041,10.6,10.5,0.41,0.45,0.151,0.159,98.3,99.57,82.97,99.57,0.077,1184,56,156,1.5,4.2,0.359,12,11,4,9,10,14,14,14,13,11,11,13,13,13,3,3,3,16,13,15,6,6,14,15,10,10,4,1,1,10,10,10,10,8,16,2015-16
15,203897,Zach LaVine,Zach,1610612750,MIN,21.0,82,29,53,0.354,28.0,104.0,104.2,104.2,109.5,110.4,110.4,-5.5,-6.2,-6.2,0.187,1.62,17.3,0.012,0.089,0.051,10.7,10.7,0.516,0.548,0.228,0.233,99.02,98.5,82.08,98.5,0.091,4705,433,959,5.3,11.7,0.452,1,1,13,5,4,7,7,7,11,12,12,11,11,11,4,7,7,14,10,11,7,7,7,6,3,3,1,3,3,8,3,3,3,3,9,2015-16
