,PLAYER_ID,PLAYER_NAME,TEAM_ID,TEAM_ABBREVIATION,AGE,G,MIN,CONTESTED_SHOTS,CONTESTED_SHOTS_2PT,CONTESTED_SHOTS_3PT,DEFLECTIONS,CHARGES_DRAWN,SCREEN_ASSISTS,SCREEN_AST_PTS,OFF_LOOSE_BALLS_RECOVERED,DEF_LOOSE_BALLS_RECOVERED,LOOSE_BALLS_RECOVERED,PCT_LOOSE_BALLS_RECOVERED_OFF,PCT_LOOSE_BALLS_RECOVERED_DEF,OFF_BOXOUTS,DEF_BOXOUTS,BOX_OUTS,BOX_OUT_PLAYER_TEAM_REBS,BOX_OUT_PLAYER_REBS,PCT_BOX_OUTS_OFF,PCT_BOX_OUTS_DEF,PCT_BOX_OUTS_TEAM_REB,PCT_BOX_OUTS_REB,SEASON_ID
1,1630162,Anthony Edwards,1610612750,MIN,21.0,79,36.0,4.53,2.23,2.3,2.58,0.0,0.03,0.06,0.32,0.3,0.62,0.51,0.49,0.03,0.18,0.2,0.19,0.11,0.125,0.875,0.938,0.563,2022-23
2,203085,Austin Rivers,1610612750,MIN,30.0,52,19.5,2.06,1.27,0.79,0.92,0.02,0.19,0.44,0.06,0.13,0.19,0.3,0.7,0.0,0.13,0.13,0.13,0.0,0.0,1.0,1.0,0.0,2022-23
3,1627854,Bryn Forbes,1610612750,MIN,29.0,25,10.7,0.8,0.32,0.48,0.44,0.0,0.16,0.36,0.04,0.12,0.16,0.25,0.75,0.0,0.04,0.04,0.0,0.0,0.0,1.0,0.0,0.0,2022-23
5,1630183,Jaden McDaniels,1610612750,MIN,22.0,79,30.6,7.06,4.2,2.86,2.25,0.01,0.2,0.47,0.16,0.28,0.44,0.371,0.629,0.04,0.44,0.48,0.42,0.15,0.079,0.921,0.971,0.353,2022-23
6,1629669,Jaylen Nowell,1610612750,MIN,23.0,65,19.3,1.88,1.0,0.88,1.25,0.0,0.03,0.06,0.12,0.14,0.26,0.471,0.529,0.0,0.06,0.06,0.06,0.0,0.0,1.0,1.0,0.0,2022-23
7,1629162,Jordan McLaughlin,1610612750,MIN,27.0,43,15.8,2.0,1.19,0.81,1.63,0.0,0.26,0.6,0.12,0.3,0.42,0.278,0.722,0.0,0.14,0.14,0.14,0.0,0.0,1.0,1.0,0.0,2022-23
8,1631169,Josh Minott,1610612750,MIN,20.0,15,6.4,1.87,1.13,0.73,0.8,0.0,0.0,0.0,0.07,0.07,0.13,0.5,0.5,0.0,0.0,0.0,0.0,0.0,0.0,0.0,0.0,0.0,2022-23
9,1626157,Karl-Anthony Towns,1610612750,MIN,27.0,29,33.0,7.86,5.0,2.86,1.24,0.03,1.66,3.86,0.34,0.34,0.69,0.5,0.5,0.24,0.93,1.17,1.03,0.72,0.206,0.794,0.938,0.656,2022-23
10,203937,Kyle Anderson,1610612750,MIN,29.0,69,28.4,4.97,2.87,2.1,2.41,0.01,0.59,1.39,0.2,0.29,0.49,0.412,0.588,0.1,0.38,0.48,0.42,0.23,0.212,0.788,0.935,0.516,2022-23
11,1630568,Luka Garza,1610612750,MIN,24.0,28,8.7,2.71,2.36,0.36,0.18,0.04,1.29,2.93,0.14,0.0,0.14,1.0,0.0,0.25,0.54,0.79,0.75,0.39,0.318,0.682,1.0,0.524,2022-23
12,1630346,Matt Ryan,1610612750,MIN,26.0,22,8.2,1.86,0.73,1.14,0.27,0.0,0.0,0.0,0.05,0.09,0.14,0.333,0.667,0.0,0.0,0.0,0.0,0.0,0.0,0.0,0.0,0.0,2022-23
13,201144,Mike Conley,1610612750,MIN,35.0,24,31.4,2.54,1.5,1.04,1.92,0.04,0.42,0.92,0.42,0.33,0.75,0.556,0.444,0.0,0.25,0.25,0.25,0.08,0.0,1.0,1.0,0.333,2022-23
14,1630233,Nathan Knight,1610612750,MIN,25.0,38,7.7,2.42,1.63,0.79,0.53,0.0,0.32,0.84,0.08,0.05,0.13,0.6,0.4,0.16,0.21,0.37,0.29,0.13,0.429,0.571,0.846,0.385,2022-23
15,1629675,Naz Reid,1610612750,MIN,23.0,68,18.4,5.88,4.22,1.66,1.31,0.07,1.71,4.0,0.16,0.16,0.32,0.5,0.5,0.09,0.75,0.84,0.78,0.43,0.105,0.895,0.981,0.537,2022-23
16,1629638,Nickeil Alexander-Walker,1610612750,MIN,24.0,23,15.5,2.17,1.52,0.65,0.91,0.09,0.09,0.22,0.13,0.13,0.26,0.5,0.5,0.0,0.13,0.13,0.13,0.0,0.0,1.0,1.0,0.0,2022-23
17,203497,Rudy Gobert,1610612750,MIN,31.0,70,30.7,10.11,8.31,1.8,1.44,0.01,4.93,11.46,0.14,0.17,0.31,0.455,0.545,0.51,1.43,1.94,1.8,1.2,0.265,0.735,0.969,0.646,2022-23
18,1627752,Taurean Prince,1610612750,MIN,29.0,54,22.1,2.81,1.54,1.28,1.43,0.19,0.13,0.31,0.15,0.22,0.37,0.4,0.6,0.07,0.28,0.35,0.3,0.2,0.211,0.789,0.889,0.611,2022-23
19,1631111,Wendell Moore Jr.,1610612750,MIN,21.0,29,5.3,0.48,0.28,0.21,0.45,0.03,0.1,0.21,0.03,0.03,0.07,0.5,0.5,0.0,0.03,0.03,0.03,0.0,0.0,1.0,1.0,0.0,2022-23
0,1630162,Anthony Edwards,1610612750,MIN,20.0,72,34.3,5.17,2.63,2.54,2.5,0.01,0.17,0.4,0.47,0.64,1.11,0.425,0.575,0.0,0.11,0.11,0.11,0.06,0.0,1.0,1.0,0.5,2021-22
2,1626156,D'Angelo Russell,1610612750,MIN,26.0,65,31.9,4.55,1.97,2.58,1.89,0.08,0.35,0.92,0.26,0.25,0.51,0.515,0.485,0.02,0.49,0.51,0.42,0.14,0.03,0.97,0.931,0.31,2021-22
3,202328,Greg Monroe,1610612750,MIN,32.0,4,20.4,5.0,3.75,1.25,1.5,0.0,3.5,8.5,0.25,0.0,0.25,1.0,0.0,0.75,0.75,1.5,0.75,0.25,0.5,0.5,0.6,0.2,2021-22
4,1630183,Jaden McDaniels,1610612750,MIN,21.0,70,25.8,7.43,4.4,3.03,1.63,0.01,0.27,0.67,0.39,0.36,0.74,0.519,0.481,0.09,0.61,0.7,0.64,0.31,0.122,0.878,0.978,0.478,2021-22
5,1627774,Jake Layman,1610612750,MIN,28.0,34,6.8,1.35,0.65,0.71,0.26,0.0,0.03,0.06,0.06,0.09,0.15,0.4,0.6,0.0,0.29,0.29,0.26,0.09,0.0,1.0,1.0,0.333,2021-22
6,1629020,Jarred Vanderbilt,1610612750,MIN,23.0,74,25.4,5.61,3.51,2.09,2.72,0.01,1.11,2.74,0.31,0.59,0.91,0.343,0.657,0.26,0.41,0.66,0.58,0.36,0.388,0.612,1.0,0.628,2021-22
7,1629669,Jaylen Nowell,1610612750,MIN,22.0,62,15.7,2.18,1.11,1.06,0.69,0.03,0.06,0.16,0.11,0.11,0.23,0.5,0.5,0.0,0.16,0.16,0.16,0.06,0.0,1.0,1.0,0.4,2021-22
8,1629162,Jordan McLaughlin,1610612750,MIN,26.0,62,14.5,2.76,1.39,1.37,1.77,0.03,0.23,0.61,0.13,0.24,0.37,0.348,0.652,0.0,0.18,0.18,0.16,0.06,0.0,1.0,0.909,0.364,2021-22
9,1629006,Josh Okogie,1610612750,MIN,23.0,49,10.5,2.43,1.2,1.22,1.12,0.08,0.22,0.57,0.27,0.14,0.41,0.65,0.35,0.06,0.33,0.39,0.29,0.14,0.158,0.842,0.933,0.467,2021-22
10,1626157,Karl-Anthony Towns,1610612750,MIN,26.0,74,33.5,9.27,6.76,2.51,1.84,0.0,3.16,7.55,0.46,0.38,0.84,0.548,0.452,0.47,1.86,2.34,1.89,1.26,0.202,0.798,0.986,0.655,2021-22
11,1630195,Leandro Bolmaro,1610612750,MIN,21.0,35,6.9,1.2,0.8,0.4,0.43,0.0,0.09,0.26,0.11,0.14,0.26,0.444,0.556,0.0,0.2,0.2,0.2,0.06,0.0,1.0,1.0,0.286,2021-22
12,1627736,Malik Beasley,1610612750,MIN,25.0,79,25.0,2.86,1.13,1.73,0.81,0.03,0.13,0.3,0.16,0.23,0.39,0.419,0.581,0.0,0.3,0.3,0.27,0.09,0.0,1.0,0.955,0.318,2021-22
13,1630593,McKinley Wright IV,1610612750,MIN,23.0,5,3.8,0.4,0.0,0.4,0.0,0.0,0.0,0.0,0.2,0.0,0.2,1.0,0.0,0.0,0.0,0.0,0.0,0.0,0.0,0.0,0.0,0.0,2021-22
14,1630233,Nathan Knight,1610612750,MIN,24.0,37,7.2,2.84,1.68,1.16,0.43,0.0,0.84,1.95,0.19,0.03,0.22,0.875,0.125,0.22,0.46,0.68,0.54,0.24,0.32,0.68,1.0,0.45,2021-22
15,1629675,Naz Reid,1610612750,MIN,22.0,77,15.8,5.45,3.71,1.74,0.96,0.04,2.04,4.79,0.21,0.18,0.39,0.533,0.467,0.17,1.14,1.31,1.06,0.49,0.129,0.871,0.953,0.442,2021-22
16,201976,Patrick Beverley,1610612750,MIN,33.0,58,25.4,3.07,1.69,1.38,2.43,0.33,0.55,1.34,0.45,0.41,0.86,0.52,0.48,0.0,0.14,0.14,0.12,0.03,0.0,1.0,0.875,0.25,2021-22
17,1627752,Taurean Prince,1610612750,MIN,28.0,69,17.1,3.1,1.55,1.55,1.23,0.14,0.16,0.43,0.12,0.1,0.22,0.533,0.467,0.04,0.39,0.43,0.36,0.14,0.1,0.9,0.926,0.37,2021-22
0,1630162,Anthony Edwards,1610612750,MIN,19.0,72,32.1,4.6,2.21,2.39,1.83,0.0,0.14,0.33,0.39,0.43,0.82,0.475,0.525,0.03,0.08,0.11,0.1,0.08,0.25,0.75,1.0,0.857,2020-21
1,1630204,Ashton Hagans,1610612750,MIN,21.0,2,2.0,0.0,0.0,0.0,0.0,0.0,0.0,0.0,0.0,0.0,0.0,0.0,0.0,0.0,0.0,0.0,0.0,0.0,0.0,0.0,0.0,0.0,2020-21
2,1626156,D'Angelo Russell,1610612750,MIN,25.0,42,28.5,4.31,1.88,2.43,1.83,0.07,0.26,0.64,0.38,0.31,0.69,0.552,0.448,0.0,0.24,0.24,0.21,0.05,0.0,1.0,0.9,0.2,2020-21
3,202334,Ed Davis,1610612750,MIN,32.0,23,13.0,3.83,3.13,0.7,0.78,0.0,2.74,6.39,0.3,0.13,0.43,0.7,0.3,0.57,1.96,2.52,2.17,1.13,0.224,0.776,1.0,0.52,2020-21
4,1630183,Jaden McDaniels,1610612750,MIN,20.0,63,24.0,7.49,4.89,2.6,1.22,0.0,0.37,0.89,0.19,0.29,0.48,0.4,0.6,0.03,0.54,0.57,0.46,0.25,0.056,0.944,1.0,0.552,2020-21
5,1627774,Jake Layman,1610612750,MIN,27.0,45,13.9,2.76,1.8,0.96,0.91,0.04,0.16,0.44,0.11,0.29,0.4,0.278,0.722,0.0,0.62,0.62,0.36,0.09,0.0,1.0,0.8,0.2,2020-21
6,1629020,Jarred Vanderbilt,1610612750,MIN,22.0,64,17.8,6.0,4.28,1.72,1.69,0.03,1.33,3.17,0.33,0.39,0.72,0.457,0.543,0.28,0.41,0.69,0.48,0.34,0.409,0.591,0.939,0.667,2020-21
7,1629633,Jarrett Culver,1610612750,MIN,22.0,34,14.7,2.76,1.41,1.35,1.26,0.03,0.06,0.12,0.21,0.18,0.38,0.538,0.462,0.0,0.12,0.12,0.09,0.09,0.0,1.0,1.0,1.0,2020-21
8,1629669,Jaylen Nowell,1610612750,MIN,21.0,42,18.1,3.88,2.26,1.62,0.93,0.0,0.17,0.38,0.21,0.24,0.45,0.474,0.526,0.02,0.12,0.14,0.14,0.07,0.167,0.833,1.0,0.5,2020-21
9,1629162,Jordan McLaughlin,1610612750,MIN,25.0,51,18.4,3.55,1.84,1.71,2.02,0.04,0.43,1.08,0.33,0.39,0.73,0.459,0.541,0.0,0.16,0.16,0.16,0.04,0.0,1.0,1.0,0.25,2020-21
10,1629006,Josh Okogie,1610612750,MIN,22.0,59,20.3,4.24,2.39,1.85,1.8,0.07,0.32,0.83,0.25,0.47,0.73,0.349,0.651,0.05,0.32,0.37,0.25,0.1,0.136,0.864,0.938,0.375,2020-21
11,1627823,Juancho Hernangomez,1610612750,MIN,25.0,52,17.3,3.42,2.04,1.38,0.56,0.0,0.48,1.13,0.21,0.12,0.33,0.647,0.353,0.08,0.56,0.63,0.38,0.29,0.121,0.879,0.952,0.714,2020-21
12,1626157,Karl-Anthony Towns,1610612750,MIN,25.0,50,33.8,10.52,7.94,2.58,1.34,0.06,3.42,7.84,0.62,0.44,1.06,0.585,0.415,0.32,1.98,2.3,1.9,1.2,0.139,0.861,0.969,0.612,2020-21
13,1627736,Malik Beasley,1610612750,MIN,24.0,37,32.8,4.35,2.22,2.14,1.51,0.0,0.41,1.03,0.54,0.49,1.03,0.526,0.474,0.0,0.41,0.41,0.27,0.11,0.0,1.0,0.833,0.333,2020-21
14,1629675,Naz Reid,1610612750,MIN,21.0,70,19.2,7.94,6.1,1.84,1.09,0.1,2.27,5.14,0.3,0.2,0.5,0.6,0.4,0.29,1.49,1.77,1.3,0.56,0.161,0.839,0.929,0.398,2020-21
15,201937,Ricky Rubio,1610612750,MIN,30.0,68,26.1,3.37,1.24,2.13,2.29,0.01,0.49,1.18,0.22,0.47,0.69,0.319,0.681,0.0,0.16,0.16,0.15,0.07,0.0,1.0,0.909,0.455,2020-21
0,203459,Allen Crabbe,1610612750,MIN,28.0,9,14.6,1.56,0.89,0.67,1.33,0.0,0.0,0.0,0.11,0.11,0.22,0.5,0.5,0.0,0.11,0.11,0.11,0.11,0.0,1.0,1.0,1.0,2019-20
2,1626156,D'Angelo Russell,1610612750,MIN,24.0,12,32.6,6.0,2.58,3.42,2.75,0.17,0.33,0.75,0.67,0.5,1.17,0.571,0.429,0.0,0.25,0.25,0.08,0.08,0.0,1.0,1.0,1.0,2019-20
4,1628980,Jacob Evans,1610612750,MIN,23.0,2,2.1,0.5,0.5,0.0,0.0,0.0,0.0,0.0,0.0,0.0,0.0,0.0,0.0,0.0,0.0,0.0,0.0,0.0,0.0,0.0,0.0,0.0,2019-20
5,1627774,Jake Layman,1610612750,MIN,26.0,23,22.0,5.09,3.26,1.83,1.52,0.09,0.17,0.43,0.26,0.35,0.61,0.429,0.571,0.17,2.43,2.61,1.13,0.3,0.067,0.933,0.839,0.226,2019-20
6,201949,James Johnson,1610612750,MIN,33.0,14,24.2,9.29,5.93,3.36,2.5,0.0,2.21,5.64,0.43,0.21,0.64,0.667,0.333,0.07,3.21,3.29,1.5,0.29,0.022,0.978,0.84,0.16,2019-20
7,1629020,Jarred Vanderbilt,1610612750,MIN,21.0,2,2.6,1.5,1.0,0.5,0.0,0.0,0.0,0.0,0.0,0.0,0.0,0.0,0.0,0.0,0.0,0.0,0.0,0.0,0.0,0.0,0.0,0.0,2019-20
8,1629633,Jarrett Culver,1610612750,MIN,21.0,63,23.9,4.92,2.84,2.08,1.67,0.02,0.11,0.25,0.52,0.35,0.87,0.6,0.4,0.05,0.4,0.44,0.25,0.11,0.107,0.893,0.842,0.368,2019-20
9,1629669,Jaylen Nowell,1610612750,MIN,20.0,15,10.1,1.73,1.13,0.6,0.2,0.0,0.07,0.13,0.07,0.07,0.13,0.5,0.5,0.0,0.13,0.13,0.07,0.0,0.0,1.0,1.0,0.0,2019-20
12,1629162,Jordan McLaughlin,1610612750,MIN,24.0,30,19.7,4.33,3.03,1.3,1.97,0.0,0.2,0.5,0.17,0.43,0.6,0.278,0.722,0.0,0.4,0.4,0.27,0.07,0.0,1.0,0.8,0.2,2019-20
13,1629006,Josh Okogie,1610612750,MIN,21.0,62,25.0,5.23,3.15,2.08,2.18,0.05,0.16,0.42,0.39,0.63,1.02,0.381,0.619,0.16,0.27,0.44,0.27,0.15,0.37,0.63,0.895,0.474,2019-20
14,1627823,Juancho Hernangomez,1610612750,MIN,24.0,14,29.4,8.93,5.71,3.21,1.07,0.07,1.07,2.64,0.21,0.43,0.64,0.333,0.667,0.43,2.0,2.43,1.21,0.71,0.176,0.824,0.944,0.556,2019-20
15,1626157,Karl-Anthony Towns,1610612750,MIN,24.0,35,33.9,13.89,10.69,3.2,1.91,0.09,3.66,8.43,0.49,0.69,1.17,0.415,0.585,0.4,3.03,3.43,2.09,1.17,0.117,0.883,0.901,0.506,2019-20
17,1629103,Kelan Martin,1610612750,MIN,24.0,31,16.0,3.74,2.29,1.45,0.61,0.0,0.03,0.06,0.23,0.16,0.39,0.583,0.417,0.0,0.94,0.94,0.45,0.13,0.0,1.0,0.933,0.267,2019-20
18,1627736,Malik Beasley,1610612750,MIN,23.0,14,33.1,4.57,2.36,2.21,1.93,0.07,0.07,0.14,0.14,0.5,0.64,0.222,0.778,0.0,1.07,1.07,0.79,0.14,0.0,1.0,0.846,0.154,2019-20
19,1629675,Naz Reid,1610612750,MIN,20.0,30,16.5,7.43,5.33,2.1,1.13,0.07,2.33,5.43,0.27,0.2,0.47,0.571,0.429,0.23,2.17,2.4,1.4,0.43,0.097,0.903,0.808,0.25,2019-20
0,203952,Andrew Wiggins,1610612750,MIN,24.0,73,34.8,8.9,4.48,4.42,1.66,0.0,0.08,0.23,0.63,0.64,1.27,0.495,0.505,0.15,0.89,1.04,0.64,0.19,0.145,0.855,0.87,0.259,2018-19
1,201229,Anthony Tolliver,1610612750,MIN,34.0,65,16.6,3.65,2.0,1.65,0.43,0.22,0.58,1.32,0.11,0.25,0.35,0.304,0.696,0.12,2.49,2.62,1.14,0.34,0.047,0.953,0.881,0.262,2018-19
2,203710,C.J. Williams,1610612750,MIN,29.0,15,8.5,1.87,0.47,1.4,0.67,0.0,0.0,0.0,0.13,0.13,0.27,0.5,0.5,0.0,0.47,0.47,0.2,0.07,0.0,1.0,0.5,0.167,2018-19
3,1629244,Cam Reynolds,1610612750,MIN,24.0,19,13.7,3.26,1.58,1.68,0.74,0.0,0.05,0.11,0.05,0.16,0.21,0.25,0.75,0.11,1.11,1.21,0.74,0.26,0.087,0.913,0.875,0.313,2018-19
4,203967,Dario Saric,1610612750,MIN,25.0,68,23.9,7.63,4.6,3.03,1.18,0.03,0.75,1.69,0.5,0.44,0.94,0.531,0.469,0.66,3.31,3.97,2.16,0.71,0.167,0.833,0.86,0.281,2018-19
5,201565,Derrick Rose,1610612750,MIN,30.0,51,27.3,4.61,2.04,2.57,1.1,0.02,0.04,0.1,0.41,0.55,0.96,0.429,0.571,0.02,0.37,0.39,0.25,0.0,0.05,0.95,0.813,0.0,2018-19
6,203476,Gorgui Dieng,1610612750,MIN,29.0,76,13.6,5.84,4.34,1.5,1.14,0.08,1.89,4.09,0.39,0.33,0.72,0.545,0.455,0.26,2.08,2.34,1.25,0.46,0.112,0.888,0.922,0.34,2018-19
9,1629123,Jared Terrell,1610612750,MIN,24.0,14,7.9,1.86,0.93,0.93,0.21,0.0,0.0,0.0,0.0,0.07,0.07,0.0,1.0,0.0,0.29,0.29,0.21,0.0,0.0,1.0,1.0,0.0,2018-19
10,201952,Jeff Teague,1610612750,MIN,31.0,42,30.1,5.31,2.36,2.95,2.21,0.21,0.26,0.64,0.26,0.52,0.79,0.333,0.667,0.0,0.4,0.4,0.19,0.0,0.0,1.0,1.0,0.0,2018-19
11,201573,Jerryd Bayless,1610612750,MIN,30.0,34,19.3,2.76,1.03,1.74,0.94,0.03,0.03,0.06,0.15,0.35,0.5,0.294,0.706,0.0,0.12,0.12,0.12,0.0,0.0,1.0,1.0,0.0,2018-19
13,1629006,Josh Okogie,1610612750,MIN,20.0,74,23.7,5.82,3.04,2.78,2.14,0.18,0.04,0.09,0.27,0.57,0.84,0.323,0.677,0.05,0.93,0.99,0.59,0.14,0.055,0.945,0.936,0.213,2018-19
14,1626157,Karl-Anthony Towns,1610612750,MIN,23.0,77,33.0,14.73,11.65,3.08,1.57,0.04,2.4,5.25,0.65,0.73,1.38,0.472,0.528,0.69,4.78,5.47,2.7,1.3,0.126,0.874,0.893,0.429,2018-19
15,1628966,Keita Bates-Diop,1610612750,MIN,23.0,30,16.8,5.3,3.17,2.13,1.07,0.0,0.03,0.07,0.13,0.23,0.37,0.364,0.636,0.0,0.27,0.27,0.1,0.07,0.0,1.0,0.75,0.5,2018-19
16,2736,Luol Deng,1610612750,MIN,34.0,22,17.8,5.91,3.14,2.77,0.82,0.0,0.36,0.91,0.36,0.32,0.68,0.533,0.467,0.45,1.45,1.91,1.09,0.27,0.238,0.762,0.8,0.2,2018-19
17,1628249,Mitchell Creek,1610612750,MIN,27.0,1,11.5,1.0,1.0,0.0,1.0,0.0,0.0,0.0,0.0,0.0,0.0,0.0,0.0,0.0,1.0,1.0,1.0,1.0,0.0,1.0,1.0,1.0,2018-19
18,203496,Robert Covington,1610612750,MIN,28.0,22,34.7,6.82,3.64,3.18,3.91,0.09,0.18,0.41,0.36,0.91,1.27,0.286,0.714,0.14,1.09,1.23,0.68,0.05,0.111,0.889,0.938,0.063,2018-19
19,201959,Taj Gibson,1610612750,MIN,34.0,70,24.1,7.97,4.91,3.06,1.16,0.0,2.16,4.64,0.6,0.43,1.03,0.583,0.417,1.29,3.26,4.54,1.9,0.91,0.283,0.717,0.773,0.372,2018-19
20,1626145,Tyus Jones,1610612750,MIN,23.0,68,22.9,3.99,1.69,2.29,1.87,0.06,0.04,0.09,0.19,0.6,0.79,0.241,0.759,0.0,0.34,0.34,0.21,0.01,0.0,1.0,0.824,0.059,2018-19
0,201166,Aaron Brooks,1610612750,MIN,33.0,32,5.9,1.53,0.59,0.94,0.31,0.03,0.03,0.06,0.13,0.09,0.22,0.571,0.429,0.0,0.19,0.19,0.09,0.03,0.0,1.0,0.75,0.25,2017-18
1,203952,Andrew Wiggins,1610612750,MIN,23.0,82,36.3,9.01,4.28,4.73,1.7,0.0,0.23,0.54,0.45,0.63,1.09,0.416,0.584,0.23,1.48,1.71,1.01,0.27,0.136,0.864,0.883,0.234,2017-18
2,1626148,Anthony Brown,1610612750,MIN,25.0,1,3.7,1.0,1.0,0.0,0.0,0.0,0.0,0.0,0.0,0.0,0.0,0.0,0.0,0.0,0.0,0.0,0.0,0.0,0.0,0.0,0.0,0.0,2017-18
3,202332,Cole Aldrich,1610612750,MIN,29.0,21,2.3,0.57,0.33,0.24,0.38,0.0,0.33,0.76,0.05,0.0,0.05,1.0,0.0,0.05,0.57,0.62,0.24,0.14,0.077,0.923,1.0,0.6,2017-18
4,201565,Derrick Rose,1610612750,MIN,29.0,9,12.4,2.56,2.11,0.44,0.44,0.0,0.0,0.0,0.0,0.56,0.56,0.0,1.0,0.22,0.67,0.89,0.67,0.22,0.25,0.75,0.857,0.286,2017-18
5,203476,Gorgui Dieng,1610612750,MIN,28.0,79,16.9,6.72,4.94,1.78,1.34,0.18,1.73,3.76,0.34,0.41,0.75,0.458,0.542,0.44,3.25,3.7,1.8,0.8,0.12,0.88,0.871,0.387,2017-18
6,2037,Jamal Crawford,1610612750,MIN,38.0,80,20.7,1.59,0.64,0.95,0.93,0.01,0.04,0.08,0.24,0.34,0.58,0.413,0.587,0.0,0.21,0.21,0.11,0.01,0.0,1.0,1.0,0.111,2017-18
7,201952,Jeff Teague,1610612750,MIN,30.0,70,33.0,5.49,2.61,2.87,2.71,0.1,0.39,0.8,0.39,0.84,1.23,0.314,0.686,0.0,0.5,0.5,0.31,0.03,0.0,1.0,0.917,0.083,2017-18
8,202710,Jimmy Butler,1610612750,MIN,28.0,59,36.7,6.27,3.15,3.12,3.49,0.12,0.37,0.83,0.73,1.14,1.86,0.391,0.609,0.41,1.75,2.15,1.32,0.25,0.189,0.811,0.848,0.163,2017-18
9,1628383,Justin Patton,1610612750,MIN,21.0,1,3.7,0.0,0.0,0.0,1.0,0.0,0.0,0.0,0.0,0.0,0.0,0.0,0.0,0.0,0.0,0.0,0.0,0.0,0.0,0.0,0.0,0.0,2017-18
10,1626157,Karl-Anthony Towns,1610612750,MIN,22.0,82,35.6,14.45,11.51,2.94,1.44,0.21,2.61,5.71,0.62,0.78,1.4,0.443,0.557,1.21,6.52,7.73,4.52,2.32,0.156,0.844,0.914,0.468,2017-18
11,1627875,Marcus Georges-Hunt,1610612750,MIN,24.0,42,5.3,0.9,0.26,0.64,0.33,0.05,0.0,0.0,0.12,0.05,0.17,0.714,0.286,0.07,0.36,0.43,0.17,0.02,0.167,0.833,0.875,0.125,2017-18
12,202357,Nemanja Bjelica,1610612750,MIN,30.0,67,20.5,6.67,4.15,2.52,1.34,0.03,0.36,0.73,0.24,0.34,0.58,0.41,0.59,0.33,1.61,1.94,1.07,0.36,0.169,0.831,0.828,0.276,2017-18
14,201959,Taj Gibson,1610612750,MIN,33.0,82,33.2,10.57,6.38,4.2,1.34,0.0,2.54,5.55,0.46,0.65,1.11,0.418,0.582,1.33,5.55,6.88,3.27,1.15,0.193,0.807,0.851,0.298,2017-18
15,1626145,Tyus Jones,1610612750,MIN,22.0,82,17.9,3.55,1.65,1.9,1.94,0.09,0.12,0.26,0.22,0.61,0.83,0.265,0.735,0.01,0.48,0.49,0.27,0.06,0.025,0.975,0.815,0.185,2017-18
0,203940,Adreian Payne,1610612750,MIN,26.0,18,7.5,2.44,1.33,1.11,0.61,0.0,0.33,0.67,0.0,0.0,0.11,0.0,0.0,0.0,0.0,0.0,0.0,0.0,0.0,0.0,0.0,0.0,2016-17
1,203952,Andrew Wiggins,1610612750,MIN,22.0,82,37.2,9.26,4.43,4.83,1.67,0.0,0.35,0.83,0.0,0.0,1.04,0.0,0.0,0.0,0.0,0.0,0.0,0.0,0.0,0.0,0.0,0.0,2016-17
2,201575,Brandon Rush,1610612750,MIN,31.0,47,21.9,4.74,2.64,2.11,0.89,0.06,0.21,0.45,0.0,0.0,0.34,0.0,0.0,0.0,0.0,0.0,0.0,0.0,0.0,0.0,0.0,0.0,2016-17
3,202332,Cole Aldrich,1610612750,MIN,28.0,62,8.6,3.58,2.95,0.63,1.02,0.0,1.24,2.77,0.0,0.0,0.35,0.0,0.0,0.0,0.0,0.0,0.0,0.0,0.0,0.0,0.0,0.0,2016-17
4,203476,Gorgui Dieng,1610612750,MIN,27.0,82,32.4,13.26,10.41,2.84,2.6,0.26,3.28,7.38,0.0,0.0,0.96,0.0,0.0,0.0,0.0,0.0,0.0,0.0,0.0,0.0,0.0,0.0,2016-17
5,101249,John Lucas III,1610612750,MIN,34.0,5,2.1,0.0,0.0,0.0,0.8,0.0,0.0,0.0,0.0,0.0,0.2,0.0,0.0,0.0,0.0,0.0,0.0,0.0,0.0,0.0,0.0,0.0,2016-17
6,201941,Jordan Hill,1610612750,MIN,29.0,7,6.7,2.71,2.0,0.71,0.29,0.0,0.43,0.86,0.0,0.0,0.0,0.0,0.0,0.0,0.0,0.0,0.0,0.0,0.0,0.0,0.0,0.0,2016-17
7,1626157,Karl-Anthony Towns,1610612750,MIN,21.0,82,37.0,13.34,10.13,3.21,1.15,0.0,2.89,6.29,0.0,0.0,1.0,0.0,0.0,0.0,0.0,0.0,0.0,0.0,0.0,0.0,0.0,0.0,2016-17
8,1627739,Kris Dunn,1610612750,MIN,23.0,78,17.1,4.13,2.5,1.63,2.19,0.0,0.08,0.17,0.0,0.0,0.68,0.0,0.0,0.0,0.0,0.0,0.0,0.0,0.0,0.0,0.0,0.0,2016-17
10,202357,Nemanja Bjelica,1610612750,MIN,29.0,65,18.3,5.91,3.94,1.97,1.25,0.03,0.65,1.48,0.0,0.0,0.62,0.0,0.0,0.0,0.0,0.0,0.0,0.0,0.0,0.0,0.0,0.0,2016-17
11,201956,Omri Casspi,1610612750,MIN,29.0,13,17.1,5.23,3.69,1.54,1.23,0.0,0.15,0.31,0.0,0.0,0.62,0.0,0.0,0.0,0.0,0.0,0.0,0.0,0.0,0.0,0.0,0.0,2016-17
12,201937,Ricky Rubio,1610612750,MIN,26.0,75,32.9,4.81,2.23,2.59,3.83,0.12,0.28,0.64,0.0,0.0,1.24,0.0,0.0,0.0,0.0,0.0,0.0,0.0,0.0,0.0,0.0,0.0,2016-17
13,203498,Shabazz Muhammad,1610612750,MIN,24.0,78,19.4,3.21,1.63,1.58,0.47,0.0,0.09,0.19,0.0,0.0,0.5,0.0,0.0,0.0,0.0,0.0,0.0,0.0,0.0,0.0,0.0,0.0,2016-17
14,1626145,Tyus Jones,1610612750,MIN,21.0,60,12.9,2.02,0.85,1.17,1.37,0.08,0.13,0.28,0.0,0.0,0.45,0.0,0.0,0.0,0.0,0.0,0.0,0.0,0.0,0.0,0.0,0.0,2016-17
15,203897,Zach LaVine,1610612750,MIN,22.0,47,37.2,5.83,2.55,3.28,1.7,0.0,0.23,0.55,0.0,0.0,0.87,0.0,0.0,0.0,0.0,0.0,0.0,0.0,0.0,0.0,0.0,0.0,2016-17
0,203940,Adreian Payne,1610612750,MIN,25.0,52,9.3,0.0,0.0,0.0,0.0,0.0,0.0,0.0,0.0,0.0,0.0,0.0,0.0,0.0,0.0,0.0,0.0,0.0,0.0,0.0,0.0,0.0,2015-16
2,203952,Andrew Wiggins,1610612750,MIN,21.0,81,35.1,0.15,0.05,0.1,0.1,0.0,0.01,0.02,0.0,0.0,0.06,0.0,0.0,0.0,0.0,0.0,0.0,0.0,0.0,0.0,0.0,0.0,2015-16
3,204014,Damjan Rudez,1610612750,MIN,30.0,33,8.4,0.0,0.0,0.0,0.0,0.0,0.0,0.0,0.0,0.0,0.0,0.0,0.0,0.0,0.0,0.0,0.0,0.0,0.0,0.0,0.0,0.0,2015-16
4,203476,Gorgui Dieng,1610612750,MIN,26.0,82,27.1,0.1,0.09,0.01,0.02,0.0,0.0,0.0,0.0,0.0,0.01,0.0,0.0,0.0,0.0,0.0,0.0,0.0,0.0,0.0,0.0,0.0,2015-16
5,202962,Greg Smith,1610612750,MIN,25.0,18,10.7,0.0,0.0,0.0,0.0,0.0,0.0,0.0,0.0,0.0,0.0,0.0,0.0,0.0,0.0,0.0,0.0,0.0,0.0,0.0,0.0,0.0,2015-16
6,1626157,Karl-Anthony Towns,1610612750,MIN,20.0,82,32.0,0.18,0.13,0.05,0.01,0.0,0.01,0.02,0.0,0.0,0.01,0.0,0.0,0.0,0.0,0.0,0.0,0.0,0.0,0.0,0.0,0.0,2015-16
7,708,Kevin Garnett,1610612750,MIN,40.0,38,14.6,0.0,0.0,0.0,0.0,0.0,0.0,0.0,0.0,0.0,0.0,0.0,0.0,0.0,0.0,0.0,0.0,0.0,0.0,0.0,0.0,0.0,2015-16
9,202357,Nemanja Bjelica,1610612750,MIN,28.0,60,17.9,0.08,0.07,0.02,0.05,0.0,0.02,0.05,0.0,0.0,0.02,0.0,0.0,0.0,0.0,0.0,0.0,0.0,0.0,0.0,0.0,0.0,2015-16
10,201593,Nikola Pekovic,1610612750,MIN,30.0,12,13.0,0.0,0.0,0.0,0.0,0.0,0.0,0.0,0.0,0.0,0.0,0.0,0.0,0.0,0.0,0.0,0.0,0.0,0.0,0.0,0.0,0.0,2015-16
11,201937,Ricky Rubio,1610612750,MIN,25.0,76,30.6,0.03,0.01,0.01,0.05,0.0,0.01,0.03,0.0,0.0,0.04,0.0,0.0,0.0,0.0,0.0,0.0,0.0,0.0,0.0,0.0,0.0,2015-16
12,203498,Shabazz Muhammad,1610612750,MIN,23.0,82,20.5,0.02,0.01,0.01,0.01,0.0,0.01,0.02,0.0,0.0,0.01,0.0,0.0,0.0,0.0,0.0,0.0,0.0,0.0,0.0,0.0,0.0,2015-16
13,2419,Tayshaun Prince,1610612750,MIN,36.0,77,19.0,0.01,0.01,0.0,0.0,0.0,0.01,0.03,0.0,0.0,0.0,0.0,0.0,0.0,0.0,0.0,0.0,0.0,0.0,0.0,0.0,0.0,2015-16
14,1626145,Tyus Jones,1610612750,MIN,20.0,37,15.5,0.08,0.05,0.03,0.03,0.0,0.0,0.0,0.0,0.0,0.08,0.0,0.0,0.0,0.0,0.0,0.0,0.0,0.0,0.0,0.0,0.0,2015-16
15,203897,Zach LaVine,1610612750,MIN,21.0,82,28.0,0.07,0.02,0.05,0.07,0.0,0.0,0.0,0.0,0.0,0.01,0.0,0.0,0.0,0.0,0.0,0.0,0.0,0.0,0.0,0.0,0.0,2015-16
