,PLAYER_ID,PLAYER_NAME,NICKNAME,TEAM_ID,TEAM_ABBREVIATION,AGE,GP,W,L,W_PCT,MIN,FGM,FGA,FG_PCT,FG3M,FG3A,FG3_PCT,FTM,FTA,FT_PCT,OREB,DREB,REB,AST,TOV,STL,BLK,BLKA,PF,PFD,PTS,PLUS_MINUS,NBA_FANTASY_PTS,DD2,TD3,WNBA_FANTASY_PTS,GP_RANK,W_RANK,L_RANK,W_PCT_RANK,MIN_RANK,FGM_RANK,FGA_RANK,FG_PCT_RANK,FG3M_RANK,FG3A_RANK,FG3_PCT_RANK,FTM_RANK,FTA_RANK,FT_PCT_RANK,OREB_RANK,DREB_RANK,REB_RANK,AST_RANK,TOV_RANK,STL_RANK,BLK_RANK,BLKA_RANK,PF_RANK,PFD_RANK,PTS_RANK,PLUS_MINUS_RANK,NBA_FANTASY_PTS_RANK,DD2_RANK,TD3_RANK,WNBA_FANTASY_PTS_RANK,SEASON_ID,SHOT_DISTANCE,HEIGHT,WEIGHT,NET_RATING,CONTESTED_SHOTS,OFF_RATING,DEF_RATING,PIE,USG_PCT,POSS,DEF_WS,POSITION
0,1630162,Anthony Edwards,Anthony,1610612750,MIN,21.0,79,40,39,0.506,36.0,8.9,19.5,0.459,2.7,7.3,0.369,4.0,5.3,0.756,0.6,5.2,5.8,4.4,3.3,1.6,0.7,0.7,2.4,3.5,24.6,1.2,41.9,9,0,42.2,1,2,1,10,1,1,1,13,2,1,7,2,1,13,8,3,3,5,1,1,5,1,5,3,1,6,1,3,2,1,2022-23,13.414016872160934,76,225,1.9,0.057341772151898736,113.8,111.9,0.125,0.292,6016,0.116,G
1,203085,Austin Rivers,Austin,1610612750,MIN,30.0,52,25,27,0.481,19.5,1.8,4.0,0.435,0.8,2.4,0.35,0.6,0.8,0.769,0.1,1.5,1.6,1.4,0.4,0.5,0.1,0.3,1.5,0.9,4.9,-2.7,10.4,0,0,10.0,9,9,7,15,9,13,13,15,11,10,12,14,14,12,18,12,14,10,15,11,16,13,11,13,13,19,13,9,2,14,2022-23,15.148325358851675,76,200,-4.9,0.039615384615384615,109.8,114.8,0.05,0.104,2154,0.048,G
2,1627854,Bryn Forbes,Bryn,1610612750,MIN,29.0,25,9,16,0.36,10.7,1.2,3.3,0.361,0.6,1.8,0.304,0.6,0.6,1.0,0.2,0.4,0.6,0.7,0.5,0.3,0.1,0.2,0.9,0.5,3.6,-1.9,5.9,0,0,6.1,15,18,12,20,14,16,15,20,13,12,16,13,15,1,16,20,19,14,14,14,15,15,16,15,16,18,17,9,2,17,2022-23,18.44578313253012,74,205,-8.5,0.032,107.8,116.2,0.035,0.155,580,0.022,G
3,1630183,Jaden McDaniels,Jaden,1610612750,MIN,22.0,79,41,38,0.519,30.6,4.7,9.1,0.517,1.4,3.4,0.398,1.3,1.8,0.736,1.2,2.7,3.9,1.9,1.4,0.9,1.0,0.4,3.4,1.6,12.1,0.9,23.8,0,0,23.0,1,1,2,7,6,5,6,6,6,7,3,8,9,14,4,6,6,8,6,5,2,7,2,8,6,8,7,9,2,7,2022-23,12.032122905027933,81,185,2.0,0.08936708860759493,113.6,111.6,0.069,0.156,5080,0.101,F
4,1629669,Jaylen Nowell,Jaylen,1610612750,MIN,23.0,65,34,31,0.523,19.3,4.3,9.6,0.448,1.0,3.6,0.289,1.2,1.5,0.778,0.6,2.1,2.6,2.0,1.0,0.6,0.1,0.6,1.6,1.2,10.8,-0.1,18.2,0,0,18.0,6,4,6,5,10,8,5,14,9,6,17,11,10,11,10,10,9,7,10,9,16,3,10,11,8,12,9,9,2,9,2022-23,13.0256,76,201,0.0,0.028923076923076923,111.2,111.3,0.095,0.238,2736,0.068,G
5,1629162,Jordan McLaughlin,Jordan,1610612750,MIN,27.0,43,22,21,0.512,15.8,1.4,3.4,0.421,0.6,1.8,0.308,0.3,0.4,0.833,0.3,1.1,1.4,3.4,0.8,0.7,0.1,0.2,0.7,0.5,3.7,2.0,12.4,0,0,10.9,10,10,10,9,12,14,14,17,14,13,15,17,17,8,12,14,16,6,11,7,14,16,18,16,14,1,11,9,2,12,2022-23,16.2,72,185,5.8,0.046511627906976744,111.7,105.9,0.086,0.112,1504,0.081,G
6,1631169,Josh Minott,Josh,1610612750,MIN,20.0,15,7,8,0.467,6.4,1.2,2.4,0.5,0.1,0.4,0.333,0.5,0.5,1.0,0.3,1.3,1.7,0.3,0.2,0.3,0.4,0.4,0.7,0.3,3.1,1.6,7.4,1,0,6.5,19,19,19,18,18,16,17,8,17,18,14,16,16,1,13,13,13,19,18,16,7,6,17,17,18,2,15,7,2,15,2022-23,6.166666666666667,80,205,10.4,0.12466666666666668,116.3,105.9,0.106,0.176,221,0.034,F
7,1626157,Karl-Anthony Towns,Karl-Anthony,1610612750,MIN,27.0,29,15,14,0.517,33.0,7.3,14.8,0.495,2.1,5.7,0.366,4.1,4.7,0.874,1.7,6.5,8.1,4.8,3.0,0.7,0.6,0.7,3.8,4.6,20.8,1.3,38.6,9,0,38.3,12,13,13,8,2,2,2,9,4,4,8,1,3,3,2,2,2,4,2,8,6,2,1,1,2,3,2,3,2,2,2022-23,13.521028037383177,84,248,1.8,0.2710344827586207,111.2,109.4,0.138,0.25,2049,0.131,C-F
8,203937,Kyle Anderson,Kyle,1610612750,MIN,29.0,69,36,33,0.522,28.4,3.7,7.2,0.509,0.6,1.5,0.41,1.4,2.0,0.735,1.0,4.4,5.3,4.9,1.5,1.1,0.9,0.3,2.1,1.9,9.4,1.3,27.7,10,3,24.3,4,3,5,6,7,9,9,7,12,14,2,7,6,15,6,4,4,3,5,3,3,11,8,6,9,5,6,2,1,6,2022-23,9.44040404040404,81,230,2.3,0.07202898550724637,113.9,111.7,0.108,0.143,4143,0.093,F-G
9,1630568,Luka Garza,Luka,1610612750,MIN,24.0,28,15,13,0.536,8.7,2.3,4.1,0.543,0.5,1.4,0.359,1.5,1.9,0.788,1.2,1.1,2.3,0.6,0.5,0.1,0.1,0.3,1.5,1.3,6.5,0.6,10.2,0,0,10.2,14,13,14,4,15,11,12,4,15,15,11,6,8,10,3,15,11,15,13,19,18,10,12,10,11,9,14,9,2,13,2022-23,11.086206896551724,82,243,2.0,0.09678571428571428,121.4,119.4,0.111,0.245,543,0.01,C
10,1630346,Matt Ryan,Matt,1610612750,MIN,26.0,22,10,12,0.455,8.2,1.1,2.7,0.424,0.9,2.2,0.388,0.3,0.3,0.857,0.1,0.5,0.5,0.5,0.2,0.1,0.0,0.2,0.6,0.2,3.4,1.0,5.2,0,0,5.7,18,17,16,19,16,18,16,16,10,11,5,18,18,5,19,19,20,17,19,18,19,18,19,19,17,7,18,9,2,18,2022-23,21.084745762711865,78,215,4.9,0.08454545454545455,120.1,115.2,0.059,0.147,402,0.02,F
11,201144,Mike Conley,Mike,1610612750,MIN,35.0,24,12,12,0.5,31.4,4.5,9.8,0.46,2.4,5.8,0.42,2.6,3.0,0.863,0.7,2.5,3.1,5.0,1.2,1.2,0.2,0.3,1.9,2.7,14.0,1.3,28.2,1,0,27.3,16,15,16,11,4,7,4,12,3,3,1,5,5,4,7,8,7,2,9,2,12,13,9,4,4,4,5,7,2,5,2022-23,17.76595744680851,73,175,1.5,0.10583333333333333,115.3,113.7,0.105,0.165,1572,0.083,G
12,1630233,Nathan Knight,Nathan,1610612750,MIN,25.0,38,19,19,0.5,7.7,1.2,2.1,0.568,0.2,0.6,0.364,1.0,1.5,0.684,0.6,0.9,1.5,0.3,0.6,0.3,0.2,0.2,1.1,0.9,3.7,-0.2,6.7,0,0,6.5,11,11,11,11,17,15,18,3,16,17,9,12,11,16,9,17,15,18,12,17,13,17,14,14,15,13,16,9,2,16,2022-23,8.308641975308642,80,253,-2.3,0.06368421052631579,109.6,111.9,0.076,0.177,646,0.026,F-C
13,1629675,Naz Reid,Naz,1610612750,MIN,23.0,68,32,36,0.471,18.4,4.6,8.5,0.537,1.1,3.2,0.346,1.3,1.9,0.677,1.1,3.8,4.9,1.1,1.4,0.6,0.8,0.5,2.6,1.6,11.5,-1.9,21.9,4,0,21.4,5,6,3,17,11,6,7,5,8,8,13,9,7,17,5,5,5,13,7,10,4,5,4,7,7,17,8,6,2,8,2022-23,11.353552859618718,81,264,-4.2,0.08647058823529412,109.2,113.3,0.122,0.242,2714,0.053,C-F
14,1629638,Nickeil Alexander-Walker,Nickeil,1610612750,MIN,24.0,23,11,12,0.478,15.5,2.1,5.4,0.384,1.1,3.1,0.361,0.6,0.9,0.619,0.3,1.5,1.8,1.4,0.4,0.3,0.3,0.3,1.3,0.9,5.9,-1.4,11.7,0,0,11.5,17,16,16,16,13,12,11,19,7,9,10,15,13,19,14,11,12,11,16,13,9,8,13,12,12,15,12,9,2,11,2022-23,16.888,77,205,-3.7,0.09434782608695652,109.6,113.3,0.06,0.167,769,0.045,G
15,203497,Rudy Gobert,Rudy,1610612750,MIN,31.0,70,34,36,0.486,30.7,5.1,7.8,0.659,0.0,0.0,0.0,3.1,4.9,0.644,3.3,8.3,11.6,1.2,1.7,0.8,1.4,0.6,3.0,4.6,13.4,-0.1,34.0,35,0,30.6,3,4,3,14,5,4,8,2,19,19,19,3,2,18,1,1,1,12,4,6,1,4,3,2,5,11,3,1,2,4,2022-23,2.0476190476190474,85,258,0.4,0.14442857142857143,110.8,110.3,0.137,0.161,4477,0.111,C
16,1627752,Taurean Prince,Taurean,1610612750,MIN,29.0,54,31,23,0.574,22.1,3.3,7.0,0.467,1.4,3.6,0.381,1.2,1.4,0.844,0.3,2.2,2.4,1.6,1.3,0.5,0.3,0.3,2.3,1.6,9.1,0.0,15.5,0,0,16.1,7,7,9,2,8,10,10,10,5,5,6,10,12,7,15,9,10,9,8,12,10,12,6,9,10,10,10,9,2,10,2022-23,15.147757255936675,78,218,0.9,0.05203703703703704,111.9,111.0,0.065,0.165,2600,0.08,F
17,1631111,Wendell Moore Jr.,Wendell,1610612750,MIN,21.0,29,16,13,0.552,5.3,0.6,1.5,0.419,0.1,0.6,0.118,0.1,0.2,0.8,0.1,0.5,0.6,0.6,0.3,0.3,0.2,0.1,0.4,0.2,1.4,-1.8,4.2,0,0,3.7,12,12,14,3,19,20,19,18,18,16,18,19,19,9,17,18,18,16,17,15,11,19,20,18,20,16,19,9,2,19,2022-23,11.232558139534884,77,215,-13.5,0.016551724137931035,99.4,112.9,0.06,0.139,342,0.017,G
18,1630162,Anthony Edwards,Anthony,1610612750,MIN,20.0,72,39,33,0.542,34.2,7.6,17.3,0.441,3.0,8.4,0.357,3.1,3.9,0.786,0.9,3.9,4.8,3.8,2.6,1.5,0.6,0.6,2.3,2.8,21.3,2.6,36.4,4,0,37.1,5,7,2,16,1,2,1,10,2,1,6,2,2,6,8,4,4,4,2,1,6,2,5,3,2,3,2,4,2,2,2021-22,14.674698795180722,76,225,4.0,0.07180555555555555,114.6,110.6,0.111,0.262,5189,0.097,G
19,1626156,D'Angelo Russell,D'Angelo,1610612750,MIN,26.0,65,39,26,0.6,31.9,6.2,15.0,0.411,2.7,8.0,0.34,3.0,3.7,0.825,0.4,2.9,3.3,7.1,2.5,1.0,0.3,0.4,2.0,3.3,18.1,3.2,34.0,12,0,33.8,8,7,8,2,3,3,3,12,3,3,9,3,3,2,11,7,8,1,3,6,8,7,8,2,3,2,3,2,2,3,2021-22,17.653333333333332,76,193,4.7,0.06999999999999999,114.5,109.8,0.114,0.246,4431,0.099,G
20,202328,Greg Monroe,Greg,1610612750,MIN,32.0,4,1,3,0.25,20.4,3.3,5.5,0.591,0.0,0.0,0.0,0.8,1.8,0.429,1.5,4.5,6.0,4.0,1.8,1.0,1.5,0.5,2.3,1.5,7.3,-0.5,26.2,0,0,22.3,17,17,16,18,8,6,10,2,17,17,17,11,7,16,3,3,3,3,4,4,1,4,6,7,10,15,4,9,2,5,2021-22,3.227272727272727,82,250,-0.5,1.25,110.3,110.8,0.133,0.16,175,0.058,F-C
21,1630183,Jaden McDaniels,Jaden,1610612750,MIN,21.0,70,40,30,0.571,25.8,3.6,7.9,0.46,1.1,3.6,0.317,0.8,1.0,0.803,1.1,3.1,4.2,1.1,1.1,0.7,0.8,0.4,3.2,1.2,9.2,0.0,19.4,0,0,18.7,6,5,5,11,4,5,5,8,7,6,11,10,12,5,5,5,5,10,6,8,5,8,2,9,5,12,7,9,2,8,2021-22,13.321299638989169,81,185,0.6,0.10614285714285714,109.9,109.3,0.061,0.149,3840,0.084,F
22,1627774,Jake Layman,Jake,1610612750,MIN,28.0,34,20,14,0.588,6.8,0.9,2.1,0.411,0.2,1.0,0.229,0.4,0.5,0.722,0.2,0.9,1.1,0.3,0.3,0.2,0.1,0.1,0.4,0.4,2.4,-0.3,4.8,0,0,4.6,15,14,15,7,16,14,14,13,12,11,15,15,15,12,16,15,16,17,16,14,15,15,16,16,15,14,15,9,2,15,2021-22,13.972602739726028,80,209,-3.4,0.03970588235294118,105.3,108.7,0.064,0.16,509,0.024,F
23,1629020,Jarred Vanderbilt,Jarred,1610612750,MIN,23.0,74,41,33,0.554,25.4,2.9,4.9,0.587,0.0,0.2,0.143,1.2,1.8,0.656,2.9,5.5,8.4,1.3,1.0,1.3,0.6,0.6,2.4,1.8,6.9,2.2,23.8,8,0,20.6,3,4,2,13,6,10,11,3,16,16,16,7,6,15,1,2,2,9,8,2,7,3,4,5,11,4,6,3,2,7,2021-22,2.670360110803324,81,214,5.0,0.07581081081081081,115.5,110.5,0.103,0.108,3941,0.073,F
24,1629669,Jaylen Nowell,Jaylen,1610612750,MIN,22.0,62,37,25,0.597,15.7,3.2,6.7,0.475,1.0,2.6,0.394,1.2,1.5,0.783,0.4,1.6,2.0,2.1,0.6,0.4,0.2,0.3,1.2,1.1,8.5,1.1,15.2,0,0,14.8,9,9,11,4,11,7,7,7,8,8,3,8,9,7,13,11,12,7,11,13,12,11,10,12,7,6,10,9,2,10,2021-22,13.581113801452785,76,201,2.8,0.03516129032258065,114.5,111.7,0.108,0.205,2107,0.04,G
25,1629162,Jordan McLaughlin,Jordan,1610612750,MIN,26.0,62,36,26,0.581,14.5,1.4,3.2,0.44,0.4,1.4,0.318,0.5,0.6,0.75,0.4,1.2,1.5,2.9,0.6,0.9,0.2,0.2,0.9,0.8,3.8,0.6,12.6,1,0,10.8,9,10,8,9,12,12,12,11,10,10,10,14,14,10,13,13,13,6,10,7,12,12,14,13,12,9,12,7,2,12,2021-22,12.755,71,185,2.4,0.04451612903225806,111.4,109.0,0.088,0.115,1976,0.05,G
26,1629006,Josh Okogie,Josh,1610612750,MIN,23.0,49,23,26,0.469,10.5,0.9,2.1,0.404,0.3,1.0,0.298,0.7,1.0,0.686,0.6,0.8,1.4,0.5,0.5,0.5,0.2,0.2,1.1,1.1,2.7,0.8,7.1,0,0,6.5,12,12,8,17,13,15,15,15,11,12,13,12,11,14,9,16,14,16,14,11,10,13,13,11,14,8,14,9,2,14,2021-22,11.913461538461538,76,213,2.5,0.04959183673469388,104.1,101.6,0.048,0.115,1133,0.059,G
27,1626157,Karl-Anthony Towns,Karl-Anthony,1610612750,MIN,26.0,74,44,30,0.595,33.5,8.7,16.4,0.529,2.0,4.9,0.41,5.2,6.3,0.822,2.6,7.2,9.8,3.6,3.1,1.0,1.1,1.2,3.6,5.8,24.6,3.7,45.0,40,1,44.2,3,2,5,5,2,1,2,4,4,4,2,1,1,3,2,1,1,5,1,5,2,1,1,1,1,1,1,1,1,1,2021-22,11.028006589785832,83,248,5.3,0.12527027027027027,116.9,111.6,0.159,0.272,5232,0.085,C-F
28,1630195,Leandro Bolmaro,Leandro,1610612750,MIN,21.0,35,19,16,0.543,6.9,0.5,1.5,0.315,0.1,0.5,0.278,0.3,0.4,0.846,0.5,0.8,1.2,0.6,0.4,0.2,0.0,0.0,0.7,0.5,1.4,0.1,3.9,0,0,3.7,14,15,13,15,15,16,16,17,14,13,14,16,16,1,10,17,15,13,15,16,16,16,15,14,16,11,16,9,2,16,2021-22,13.277777777777779,78,200,0.2,0.03428571428571429,102.6,102.5,0.038,0.122,531,0.037,F
29,1627736,Malik Beasley,Malik,1610612750,MIN,25.0,79,46,33,0.582,25.0,4.2,10.8,0.391,3.0,8.1,0.377,0.6,0.8,0.817,0.3,2.5,2.9,1.5,0.5,0.5,0.2,0.4,1.1,0.5,12.1,1.0,19.3,0,0,20.8,1,1,2,8,7,4,4,16,1,2,4,13,13,4,15,9,9,8,12,10,14,5,12,15,4,7,8,9,2,6,2021-22,20.25764705882353,76,187,2.0,0.03620253164556962,112.1,110.1,0.081,0.189,4250,0.075,G
30,1630593,McKinley Wright IV,McKinley,1610612750,MIN,23.0,5,3,2,0.6,3.8,0.4,0.6,0.667,0.2,0.4,0.5,0.0,0.0,0.0,0.0,0.0,0.0,0.6,0.2,0.0,0.0,0.0,0.2,0.0,1.0,-1.4,1.7,0,0,1.8,16,16,17,2,17,17,17,1,13,14,1,17,17,17,17,18,18,13,17,17,16,17,17,17,17,17,17,9,2,17,2021-22,19.0,71,192,-25.8,0.08,102.4,128.2,0.06,0.082,42,-0.009,G
31,1630233,Nathan Knight,Nathan,1610612750,MIN,24.0,37,22,15,0.595,7.2,1.2,2.4,0.511,0.1,0.4,0.308,1.2,1.6,0.733,0.9,1.4,2.3,0.6,0.5,0.2,0.2,0.3,1.1,1.2,3.7,0.6,8.1,1,0,7.5,13,13,14,5,14,13,13,5,15,15,12,6,8,11,7,12,11,15,13,15,11,10,11,8,13,10,13,7,2,13,2021-22,5.193181818181818,82,253,3.6,0.07675675675675675,105.5,101.9,0.121,0.203,580,0.04,F-C
32,1629675,Naz Reid,Naz,1610612750,MIN,22.0,77,42,35,0.545,15.8,3.0,6.2,0.489,0.7,2.2,0.343,1.5,1.9,0.765,1.3,2.6,3.9,0.9,1.1,0.5,0.9,0.4,2.2,1.7,8.3,-1.2,17.6,4,0,16.7,2,3,1,14,10,9,8,6,9,9,7,5,5,8,4,8,7,12,7,12,3,6,7,6,8,16,9,4,2,9,2021-22,10.163865546218487,81,264,-2.4,0.07077922077922078,105.5,107.9,0.103,0.209,2616,0.059,C-F
33,201976,Patrick Beverley,Patrick,1610612750,MIN,33.0,58,33,25,0.569,25.4,3.1,7.5,0.406,1.4,4.2,0.343,1.7,2.3,0.722,1.1,3.1,4.1,4.6,1.3,1.2,0.9,0.4,3.0,2.5,9.2,1.9,26.0,2,0,23.5,11,11,11,12,5,8,6,14,5,5,8,4,4,13,6,6,6,2,5,3,4,9,3,4,6,5,5,6,2,4,2021-22,16.126146788990827,73,180,3.7,0.05293103448275862,113.6,109.8,0.094,0.158,3105,0.078,G
34,1627752,Taurean Prince,Taurean,1610612750,MIN,28.0,69,40,29,0.58,17.1,2.6,5.7,0.454,1.2,3.3,0.376,0.9,1.2,0.756,0.4,2.1,2.5,1.0,0.8,0.7,0.3,0.2,1.7,1.2,7.3,-0.1,14.1,0,0,14.1,7,5,7,10,9,11,9,9,6,7,5,9,10,9,12,10,10,11,9,9,9,14,9,10,9,13,11,9,2,11,2021-22,16.66923076923077,78,218,0.7,0.04492753623188406,111.6,110.9,0.076,0.166,2553,0.049,F
35,1630162,Anthony Edwards,Anthony,1610612750,MIN,19.0,72,23,49,0.319,32.1,7.0,16.8,0.417,2.4,7.2,0.329,2.9,3.8,0.776,0.8,3.8,4.7,2.9,2.2,1.1,0.5,0.9,1.8,2.6,19.3,-3.2,32.0,3,0,32.6,1,1,1,6,3,3,2,11,4,3,8,2,2,6,9,3,4,5,3,2,6,2,8,3,3,11,3,4,1,3,2020-21,13.761354252683732,76,225,-5.0,0.06388888888888888,110.6,115.6,0.094,0.264,4961,0.048,G
36,1626156,D'Angelo Russell,D'Angelo,1610612750,MIN,25.0,42,16,26,0.381,28.5,6.7,15.5,0.431,2.9,7.4,0.387,2.7,3.5,0.765,0.4,2.3,2.6,5.8,2.7,1.1,0.4,0.4,1.6,3.3,19.0,-4.6,32.7,6,0,33.3,11,9,14,1,4,4,4,9,2,2,3,3,3,9,14,10,12,2,2,3,8,9,12,2,4,15,2,2,1,2,2020-21,17.375766871165645,76,193,-7.0,0.10261904761904761,109.7,116.8,0.114,0.283,2591,0.033,G
37,202334,Ed Davis,Ed,1610612750,MIN,32.0,23,5,18,0.217,13.0,0.8,1.9,0.432,0.0,0.0,0.0,0.4,0.5,0.833,2.0,3.0,5.0,0.9,0.3,0.6,0.6,0.3,2.4,0.5,2.1,-2.0,12.5,0,0,10.3,15,15,15,13,15,15,15,8,15,15,15,14,15,4,2,7,3,12,16,10,5,14,4,15,15,7,13,8,1,14,2020-21,1.5227272727272727,81,218,-7.6,0.16652173913043478,101.4,109.0,0.079,0.078,631,0.044,C-F
38,1630183,Jaden McDaniels,Jaden,1610612750,MIN,20.0,63,18,45,0.286,24.0,2.6,5.8,0.447,1.1,3.1,0.364,0.4,0.7,0.6,0.8,2.9,3.7,1.1,0.7,0.6,1.0,0.2,2.7,0.7,6.8,-1.6,16.7,0,0,15.7,5,7,4,9,6,8,8,5,6,8,4,15,13,14,8,9,8,9,10,11,3,15,2,14,9,5,8,8,1,8,2020-21,15.53133514986376,81,185,-3.4,0.11888888888888889,109.6,113.1,0.05,0.118,3250,0.053,F
39,1627774,Jake Layman,Jake,1610612750,MIN,27.0,45,12,33,0.267,13.9,2.0,4.1,0.495,0.5,1.7,0.295,0.6,0.8,0.703,0.3,1.2,1.5,0.6,0.6,0.6,0.4,0.4,1.0,0.7,5.1,-1.8,10.5,0,0,9.9,10,11,8,11,14,12,13,3,11,12,11,12,12,10,15,15,15,15,13,9,9,13,14,13,13,6,15,8,1,15,2020-21,12.179347826086957,80,209,-5.8,0.06133333333333333,101.5,107.3,0.074,0.147,1360,0.055,F
40,1629020,Jarred Vanderbilt,Jarred,1610612750,MIN,22.0,64,18,46,0.281,17.8,2.2,3.7,0.606,0.0,0.1,0.2,0.9,1.6,0.559,1.8,3.9,5.8,1.2,0.8,1.0,0.7,0.5,1.9,1.5,5.4,-0.8,18.4,3,0,15.8,4,7,3,10,11,10,14,1,14,14,14,10,9,15,3,2,2,8,8,4,4,4,7,8,10,2,7,4,1,7,2020-21,2.1652542372881354,81,214,-1.1,0.09375,108.1,109.2,0.107,0.118,2451,0.061,F
41,1629633,Jarrett Culver,Jarrett,1610612750,MIN,22.0,34,7,27,0.206,14.7,2.0,4.9,0.411,0.4,1.6,0.245,0.9,1.4,0.604,1.0,2.1,3.1,0.7,0.8,0.5,0.3,0.5,1.7,1.2,5.3,-3.9,11.5,1,0,11.0,14,14,13,15,13,11,10,13,13,13,13,11,10,13,6,11,10,13,9,13,11,5,10,10,12,13,14,6,1,13,2020-21,9.68452380952381,78,195,-10.7,0.0811764705882353,99.0,109.7,0.057,0.179,1071,0.048,G-F
42,1629669,Jaylen Nowell,Jaylen,1610612750,MIN,21.0,42,10,32,0.238,18.1,3.4,8.0,0.424,1.2,3.6,0.333,1.1,1.3,0.818,0.5,1.8,2.3,1.5,0.7,0.5,0.3,0.4,1.7,1.0,9.0,-2.4,15.7,0,0,15.6,11,12,10,12,10,6,6,10,5,5,7,9,11,5,11,12,13,7,12,12,10,10,9,11,6,8,9,8,1,9,2020-21,15.450746268656717,76,201,-6.6,0.09238095238095238,104.5,111.1,0.081,0.206,1645,0.051,G
43,1629162,Jordan McLaughlin,Jordan,1610612750,MIN,25.0,51,15,36,0.294,18.4,2.0,4.7,0.413,0.6,1.8,0.359,0.5,0.6,0.767,0.4,1.7,2.1,3.8,1.0,1.0,0.1,0.5,0.9,1.0,5.0,-2.6,15.6,0,0,13.8,8,10,7,8,9,13,11,12,10,11,5,13,14,8,12,13,14,4,6,4,14,5,15,12,14,9,10,8,1,11,2020-21,11.694214876033058,71,185,-6.3,0.0696078431372549,102.6,108.8,0.095,0.133,2018,0.064,G
44,1629006,Josh Okogie,Josh,1610612750,MIN,22.0,59,21,38,0.356,20.3,1.7,4.3,0.402,0.5,1.8,0.269,1.4,1.8,0.769,1.1,1.6,2.6,1.1,0.7,0.9,0.5,0.4,2.1,1.7,5.4,-3.3,13.6,0,0,12.3,6,4,6,4,7,14,12,14,12,10,12,7,8,7,5,14,11,10,11,6,7,11,5,6,11,12,12,8,1,12,2020-21,11.89763779527559,76,213,-6.6,0.07186440677966102,107.7,114.3,0.045,0.119,2556,0.038,G
45,1627823,Juancho Hernangomez,Juancho,1610612750,MIN,25.0,52,19,33,0.365,17.3,2.5,5.8,0.435,1.1,3.2,0.327,1.2,1.9,0.619,0.9,3.1,3.9,0.7,0.5,0.4,0.1,0.4,1.0,1.4,7.2,-1.4,13.9,0,0,13.9,7,5,8,3,12,9,9,7,7,6,9,8,7,12,7,6,7,14,14,15,13,12,13,9,8,3,11,8,1,10,2020-21,14.68227424749164,81,214,-4.9,0.06576923076923077,110.5,115.4,0.085,0.167,1937,0.027,F
46,1626157,Karl-Anthony Towns,Karl-Anthony,1610612750,MIN,25.0,50,19,31,0.38,33.8,8.5,17.5,0.486,2.4,6.3,0.387,5.3,6.2,0.859,2.7,7.9,10.6,4.5,3.2,0.8,1.1,1.0,3.7,5.6,24.8,0.2,46.8,33,0,46.1,9,5,11,2,1,1,1,4,3,4,2,1,1,2,1,1,1,3,1,8,1,1,1,1,1,1,1,1,1,1,2020-21,12.441142857142857,83,248,-0.1,0.2104,114.6,114.7,0.155,0.286,3588,0.058,C-F
47,1627736,Malik Beasley,Malik,1610612750,MIN,24.0,37,8,29,0.216,32.8,7.1,16.2,0.44,3.5,8.7,0.399,1.8,2.2,0.85,0.8,3.6,4.4,2.4,1.6,0.8,0.2,0.8,1.7,1.6,19.6,-5.3,29.8,0,0,31.8,13,13,12,14,2,2,3,6,1,1,1,5,6,3,10,4,6,6,5,7,12,3,11,7,2,16,4,8,1,4,2020-21,15.875,76,187,-7.2,0.11756756756756756,107.9,115.0,0.101,0.235,2577,0.054,G
48,1629675,Naz Reid,Naz,1610612750,MIN,21.0,70,22,48,0.314,19.2,4.3,8.3,0.523,0.9,2.5,0.351,1.6,2.4,0.693,1.2,3.4,4.6,1.0,1.0,0.5,1.1,0.4,2.6,1.9,11.2,-4.2,22.0,1,0,20.8,2,3,2,7,8,5,5,2,9,9,6,6,4,11,4,5,5,11,7,14,2,8,3,5,5,14,6,6,1,6,2020-21,9.485370051635112,81,264,-9.7,0.11342857142857143,102.7,112.4,0.113,0.218,2915,0.047,C-F
49,201937,Ricky Rubio,Ricky,1610612750,MIN,30.0,68,23,45,0.338,26.1,2.8,7.3,0.388,1.0,3.1,0.308,1.9,2.2,0.867,0.4,2.9,3.3,6.4,1.6,1.4,0.1,0.5,2.0,2.0,8.6,-2.7,24.9,4,0,22.2,3,1,4,5,5,7,7,15,8,7,10,4,5,1,12,8,9,1,4,1,15,5,6,4,7,10,5,3,1,5,2020-21,14.337349397590362,75,190,-5.0,0.049558823529411766,109.3,114.3,0.098,0.155,3816,0.049,G
50,203459,Allen Crabbe,Allen,1610612750,MIN,28.0,9,1,8,0.111,14.6,1.2,3.8,0.324,0.7,2.9,0.231,0.1,0.2,0.5,0.1,1.2,1.3,0.6,0.6,0.0,0.0,0.0,1.2,0.2,3.2,-6.2,5.1,0,0,5.8,22,22,22,24,19,21,19,22,17,13,19,23,23,22,22,21,21,21,20,22,22,22,18,23,21,23,22,12,3,22,2019-20,20.705882352941178,77,212,-17.4,0.17333333333333334,94.4,111.8,0.01,0.12,302,0.032,F
51,1626156,D'Angelo Russell,D'Angelo,1610612750,MIN,24.0,12,3,9,0.25,32.6,7.3,17.6,0.412,3.2,9.2,0.345,4.0,4.6,0.873,0.3,4.3,4.6,6.6,3.8,1.4,0.3,0.3,1.8,3.8,21.7,-1.8,38.5,2,0,39.5,21,20,21,19,4,4,3,15,3,1,9,2,3,4,19,5,8,1,1,2,13,15,14,3,3,11,2,6,3,2,2019-20,18.274881516587676,76,193,-2.3,0.5,112.3,114.6,0.119,0.281,888,0.042,G
52,1628980,Jacob Evans,Jacob,1610612750,MIN,23.0,2,1,1,0.5,2.1,0.0,0.5,0.0,0.0,0.5,0.0,0.0,0.0,0.0,0.0,0.0,0.0,0.0,0.0,0.0,0.0,0.0,0.0,0.0,0.0,5.0,0.0,0,0,0.0,23,22,23,1,24,23,23,23,23,21,23,24,24,24,23,24,24,23,23,22,22,22,23,24,24,1,24,12,3,24,2019-20,26.0,76,210,90.9,0.25,163.6,72.7,-0.035,0.091,11,0.035,G-F
53,1627774,Jake Layman,Jake,1610612750,MIN,26.0,23,11,12,0.478,22.0,3.5,7.8,0.453,1.0,3.1,0.333,1.0,1.4,0.75,0.7,1.7,2.5,0.7,1.0,0.7,0.4,0.2,2.0,1.3,9.1,1.0,15.6,0,0,15.7,16,9,17,3,12,10,12,8,11,11,10,14,14,12,13,19,19,20,11,11,9,18,9,16,11,2,15,12,3,15,2019-20,12.798882681564246,80,209,2.0,0.22130434782608696,106.6,104.6,0.059,0.165,1154,0.097,F
54,201949,James Johnson,James,1610612750,MIN,33.0,14,4,10,0.286,24.2,4.6,9.1,0.5,1.2,3.3,0.37,1.6,2.4,0.676,1.2,3.5,4.7,3.8,2.4,1.4,1.4,0.4,3.3,1.5,12.0,-6.7,29.1,0,0,27.1,18,17,18,12,9,5,8,4,8,9,7,8,8,18,5,8,7,6,4,3,1,11,2,14,8,24,5,12,3,6,2019-20,11.3671875,79,240,-11.4,0.6635714285714285,105.8,117.2,0.099,0.201,772,0.012,F
55,1629020,Jarred Vanderbilt,Jarred,1610612750,MIN,21.0,2,1,1,0.5,2.6,0.0,0.5,0.0,0.0,0.5,0.0,1.0,1.0,1.0,0.0,0.5,0.5,0.0,0.0,0.0,0.0,0.0,0.0,0.5,1.0,-5.5,1.6,0,0,1.5,23,22,23,1,23,23,23,23,23,21,23,16,20,1,23,23,23,23,23,22,22,22,23,22,23,21,23,12,3,23,2019-20,23.0,81,214,-74.7,0.75,18.2,92.9,0.222,0.182,11,0.025,F
56,1629633,Jarrett Culver,Jarrett,1610612750,MIN,21.0,63,19,44,0.302,23.9,3.7,9.0,0.404,1.0,3.5,0.299,0.9,1.9,0.462,1.1,2.3,3.4,1.7,1.3,0.9,0.6,0.8,2.0,1.5,9.2,-1.6,19.1,0,0,18.4,1,1,1,10,10,9,9,17,10,8,14,19,11,23,9,15,12,9,10,9,7,3,11,13,10,9,12,12,3,11,2019-20,11.60456942003515,78,195,-3.3,0.07809523809523809,106.0,109.3,0.055,0.187,3304,0.068,G-F
57,1629669,Jaylen Nowell,Jaylen,1610612750,MIN,20.0,15,2,13,0.133,10.1,1.3,3.5,0.358,0.2,1.7,0.115,1.1,1.1,0.941,0.2,0.7,0.9,1.3,0.2,0.2,0.1,0.1,0.7,0.7,3.8,0.7,7.3,0,0,6.7,17,21,16,23,21,20,20,20,20,20,22,13,17,3,21,22,22,12,22,20,20,21,21,21,20,3,21,12,3,21,2019-20,13.981132075471699,76,201,1.2,0.11533333333333333,99.7,98.5,0.08,0.165,342,0.062,G
58,1629162,Jordan McLaughlin,Jordan,1610612750,MIN,24.0,30,7,23,0.233,19.7,2.9,5.9,0.489,1.0,2.5,0.382,0.9,1.3,0.667,0.2,1.4,1.6,4.2,1.0,1.1,0.1,0.5,1.0,1.6,7.6,-2.3,18.6,2,0,16.9,12,16,9,21,14,13,15,5,14,17,5,18,15,19,20,20,20,5,12,4,19,9,19,11,14,15,14,6,3,14,2019-20,12.882022471910112,71,185,-5.8,0.14433333333333334,105.3,111.1,0.11,0.151,1313,0.046,G
59,1629006,Josh Okogie,Josh,1610612750,MIN,21.0,62,19,43,0.306,25.0,2.7,6.4,0.427,0.7,2.5,0.266,2.5,3.1,0.796,1.4,2.9,4.3,1.6,1.4,1.1,0.4,0.6,2.2,2.4,8.6,-2.6,19.3,0,0,18.2,2,1,2,9,8,14,13,13,18,19,16,5,6,11,3,10,9,10,9,6,10,8,7,7,13,16,11,12,3,12,2019-20,11.195979899497488,76,213,-4.7,0.08435483870967743,106.3,111.0,0.07,0.148,3413,0.058,G
60,1627823,Juancho Hernangomez,Juancho,1610612750,MIN,24.0,14,4,10,0.286,29.4,4.4,9.8,0.453,2.1,4.9,0.42,2.0,3.3,0.609,1.4,5.9,7.3,1.3,1.0,1.0,0.3,0.6,2.5,3.1,12.9,-4.5,26.5,4,0,26.1,18,17,18,12,6,7,6,7,6,6,2,6,5,20,4,2,2,11,13,7,15,6,5,4,6,20,8,3,3,7,2019-20,13.598540145985401,81,214,-5.9,0.6378571428571428,112.9,118.9,0.084,0.167,919,-0.001,F
61,1626157,Karl-Anthony Towns,Karl-Anthony,1610612750,MIN,24.0,35,10,25,0.286,33.9,9.0,17.8,0.508,3.3,7.9,0.412,5.1,6.5,0.796,2.7,8.1,10.8,4.4,3.1,0.9,1.2,1.0,3.3,5.5,26.5,-0.4,49.3,24,0,49.2,8,10,8,12,2,1,2,3,2,3,3,1,1,10,1,1,1,4,2,8,2,2,1,1,1,6,1,1,3,1,2019-20,13.557877813504824,83,248,-1.5,0.39685714285714285,113.9,115.4,0.168,0.278,2599,0.034,C-F
62,1629103,Kelan Martin,Kelan,1610612750,MIN,24.0,31,12,19,0.387,16.0,2.3,5.8,0.392,0.8,3.1,0.26,1.0,1.0,0.968,0.4,2.7,3.1,0.7,0.6,0.2,0.3,0.1,1.6,0.8,6.4,-0.7,12.1,0,0,12.0,11,5,13,4,18,17,16,19,16,12,17,17,20,2,18,12,13,19,18,19,14,20,16,20,17,7,17,12,3,17,2019-20,16.055248618784532,77,230,-1.7,0.12064516129032259,101.4,103.1,0.077,0.171,1096,0.076,F
63,1627736,Malik Beasley,Malik,1610612750,MIN,23.0,14,4,10,0.286,33.1,7.9,16.6,0.472,3.5,8.2,0.426,1.5,2.0,0.75,0.6,4.4,5.1,1.9,1.5,0.6,0.1,0.8,1.9,1.8,20.7,-5.5,30.6,1,0,32.8,18,17,18,12,3,3,4,6,1,2,1,10,9,12,14,4,6,8,8,14,18,4,13,9,4,21,4,11,3,4,2019-20,14.974248927038627,76,187,-7.7,0.32642857142857146,111.6,119.4,0.101,0.231,1025,-0.006,G
64,1629675,Naz Reid,Naz,1610612750,MIN,20.0,30,8,22,0.267,16.5,3.3,8.1,0.412,1.1,3.2,0.33,1.2,1.8,0.698,1.1,3.0,4.1,1.2,0.7,0.6,0.7,0.5,2.8,1.6,9.0,0.2,19.0,2,0,18.1,12,13,10,18,17,11,10,16,9,10,12,12,12,17,8,9,10,14,15,15,6,9,4,10,12,4,13,6,3,13,2019-20,11.707818930041153,81,264,0.7,0.24766666666666665,108.4,107.6,0.085,0.234,1089,0.055,C-F
65,203952,Andrew Wiggins,Andrew,1610612750,MIN,24.0,73,31,42,0.425,34.8,6.8,16.6,0.412,1.6,4.8,0.339,2.8,4.1,0.699,1.1,3.7,4.8,2.5,1.9,1.0,0.7,1.2,2.1,3.1,18.1,-0.9,30.6,3,0,30.3,4,5,3,14,2,4,2,16,4,2,11,4,3,16,5,5,6,8,3,7,4,1,7,3,3,9,4,5,1,4,2018-19,13.224979321753516,80,194,-1.2,0.12191780821917808,110.7,111.9,0.078,0.24,5379,0.069,F-G
66,201229,Anthony Tolliver,Anthony,1610612750,MIN,34.0,65,27,38,0.415,16.6,1.5,4.0,0.382,1.2,3.3,0.377,0.7,0.9,0.783,0.2,2.5,2.7,0.7,0.6,0.3,0.3,0.1,1.4,0.8,5.0,-1.0,10.5,0,0,10.9,8,8,6,15,14,18,18,18,6,6,6,13,14,11,16,8,12,18,17,19,11,19,11,13,16,11,16,12,1,16,2018-19,21.571428571428573,80,250,-4.1,0.05615384615384615,104.5,108.6,0.064,0.121,2320,0.049,F
67,203710,C.J. Williams,C.J.,1610612750,MIN,29.0,15,4,11,0.267,8.5,1.1,2.3,0.486,0.3,1.1,0.313,0.0,0.1,0.0,0.1,0.5,0.5,0.8,0.3,0.4,0.0,0.1,1.1,0.2,2.6,-3.3,5.3,0,0,5.1,16,17,14,20,19,19,20,6,17,17,16,20,20,20,19,19,19,17,19,16,19,20,17,20,19,19,19,12,1,19,2018-19,15.657142857142857,77,226,-17.5,0.12466666666666668,95.5,113.0,0.049,0.138,267,0.014,G
68,1629244,Cam Reynolds,Cam,1610612750,MIN,24.0,19,6,13,0.316,13.7,1.7,4.1,0.423,1.1,2.7,0.412,0.4,0.5,0.889,0.2,1.4,1.6,0.7,0.3,0.3,0.1,0.2,1.4,0.4,5.0,-1.4,9.0,0,0,9.3,15,16,13,17,15,16,17,12,7,11,1,17,17,3,17,16,17,19,20,17,15,16,12,16,17,14,18,12,1,18,2018-19,18.5,80,225,-4.9,0.17157894736842105,107.5,112.4,0.063,0.141,548,0.025,G
69,203967,Dario Saric,Dario,1610612750,MIN,25.0,68,31,37,0.456,23.9,3.8,8.3,0.454,1.4,3.7,0.383,1.5,1.8,0.875,1.5,3.9,5.5,1.5,1.1,0.6,0.1,0.4,2.1,1.8,10.5,-0.6,20.3,2,0,20.3,6,5,8,7,8,8,7,9,5,5,4,9,9,4,4,4,4,9,7,13,16,9,6,9,8,7,8,6,1,8,2018-19,14.078014184397164,82,223,-1.8,0.11220588235294117,109.8,111.6,0.093,0.172,3489,0.049,F
70,201565,Derrick Rose,Derrick,1610612750,MIN,30.0,51,24,27,0.471,27.3,7.1,14.8,0.482,1.1,2.9,0.37,2.7,3.1,0.856,0.6,2.1,2.7,4.3,1.6,0.6,0.2,1.0,1.1,2.4,18.0,0.7,28.7,1,0,27.8,9,9,9,5,6,3,4,7,8,9,8,5,5,5,10,13,11,3,4,12,12,2,15,6,4,4,6,9,1,5,2018-19,11.653386454183266,75,200,0.7,0.0903921568627451,111.5,110.8,0.128,0.261,3012,0.064,G
71,203476,Gorgui Dieng,Gorgui,1610612750,MIN,29.0,76,33,43,0.434,13.6,2.5,5.0,0.501,0.3,0.7,0.339,1.2,1.4,0.83,1.1,3.0,4.1,0.9,0.8,0.6,0.5,0.3,1.8,1.4,6.4,-1.5,15.5,2,0,14.0,2,2,1,10,16,13,14,3,19,20,10,10,11,8,6,7,7,14,12,11,6,12,9,10,12,15,11,6,1,11,2018-19,12.360742705570292,83,252,-3.8,0.07684210526315789,105.2,109.0,0.118,0.194,2211,0.04,C
72,1629123,Jared Terrell,Jared,1610612750,MIN,24.0,14,4,10,0.286,7.9,0.9,2.8,0.308,0.3,1.2,0.235,0.2,0.4,0.5,0.1,0.4,0.4,0.9,0.7,0.2,0.1,0.1,1.1,0.2,2.2,-1.9,4.4,0,0,4.5,17,17,16,19,20,20,19,21,18,16,20,19,18,19,18,20,20,15,13,20,13,17,14,19,20,17,20,12,1,20,2018-19,16.58974358974359,75,227,-12.3,0.13285714285714287,94.1,106.4,-0.009,0.197,236,0.028,G
73,201952,Jeff Teague,Jeff,1610612750,MIN,31.0,42,23,19,0.548,30.1,4.2,9.9,0.423,0.8,2.5,0.333,2.9,3.6,0.804,0.4,2.1,2.5,8.2,2.3,1.0,0.4,0.7,2.1,2.9,12.1,0.0,29.5,11,0,26.6,10,10,11,1,5,7,6,12,11,12,12,3,4,9,13,12,13,1,2,5,9,6,5,4,6,5,5,3,1,6,2018-19,11.276442307692308,74,195,-0.1,0.12642857142857142,113.0,113.1,0.103,0.186,2683,0.049,G
74,201573,Jerryd Bayless,Jerryd,1610612750,MIN,30.0,34,15,19,0.441,19.3,2.4,6.8,0.357,0.9,2.9,0.296,0.5,0.8,0.571,0.3,1.5,1.8,3.5,0.9,0.5,0.1,0.2,1.6,0.8,6.1,-4.7,14.4,2,0,13.5,11,11,11,9,11,14,10,20,10,8,17,16,15,18,15,15,16,5,10,15,18,13,10,14,13,20,13,6,1,13,2018-19,16.56086956521739,75,200,-12.4,0.0811764705882353,105.0,117.4,0.059,0.172,1368,0.006,G
75,1629006,Josh Okogie,Josh,1610612750,MIN,20.0,74,32,42,0.432,23.7,2.6,6.9,0.386,0.8,2.9,0.279,1.6,2.2,0.728,0.6,2.4,2.9,1.2,0.9,1.2,0.4,0.4,2.2,2.2,7.7,-0.7,17.1,1,0,16.0,3,3,3,11,9,12,9,17,12,7,18,8,8,14,11,10,9,11,11,4,8,8,4,7,9,8,10,9,1,10,2018-19,13.496062992125983,76,212,-1.0,0.07864864864864865,109.6,110.6,0.051,0.148,3797,0.057,G
76,1626157,Karl-Anthony Towns,Karl-Anthony,1610612750,MIN,23.0,77,34,43,0.442,33.0,8.8,17.1,0.518,1.8,4.6,0.4,4.9,5.8,0.836,3.4,9.0,12.4,3.4,3.1,0.9,1.6,1.0,3.8,5.8,24.4,0.7,48.7,54,0,47.0,1,1,1,8,4,1,1,2,2,3,2,1,2,7,1,1,1,6,1,8,1,3,1,1,1,3,1,1,1,1,2018-19,10.904870624048707,84,248,0.9,0.1912987012987013,112.2,111.3,0.177,0.28,5361,0.07,C
77,1628966,Keita Bates-Diop,Keita,1610612750,MIN,23.0,30,10,20,0.333,16.8,2.0,4.7,0.423,0.4,1.7,0.25,0.6,0.9,0.643,0.5,2.2,2.8,0.6,0.5,0.6,0.5,0.2,1.0,0.6,5.0,-1.8,11.9,0,0,10.9,12,14,10,16,13,15,15,14,15,15,19,14,13,17,12,11,10,20,18,14,7,14,18,15,15,16,14,12,1,15,2018-19,12.746478873239436,81,229,-5.1,0.17666666666666667,107.1,112.2,0.065,0.14,1058,0.031,F
78,2736,Luol Deng,Luol,1610612750,MIN,34.0,22,11,11,0.5,17.8,2.7,5.4,0.5,0.6,2.0,0.318,1.1,1.6,0.714,0.9,2.4,3.3,0.8,0.6,0.7,0.4,0.3,1.1,1.1,7.1,4.0,14.8,0,0,14.0,13,13,14,4,12,11,13,4,13,13,14,11,10,15,9,9,8,16,15,10,10,10,16,11,10,1,12,12,1,12,2018-19,12.432203389830509,81,237,10.0,0.2686363636363636,115.1,105.1,0.093,0.155,826,0.07,F
79,1628249,Mitchell Creek,Mitchell,1610612750,MIN,27.0,1,0,1,0.0,11.5,3.0,6.0,0.5,0.0,1.0,0.0,0.0,0.0,0.0,1.0,1.0,2.0,1.0,1.0,1.0,0.0,1.0,0.0,0.0,6.0,-1.0,11.9,0,0,11.0,21,21,21,21,18,9,12,4,21,18,21,20,21,20,7,17,14,13,9,6,19,3,21,21,14,10,15,12,1,14,2018-19,4.833333333333333,78,225,0.2,1.0,104.2,104.0,0.109,0.28,24,0.051,F-G
80,203496,Robert Covington,Robert,1610612750,MIN,28.0,22,12,10,0.545,34.7,4.8,11.1,0.433,2.5,6.7,0.372,2.3,3.0,0.773,1.0,4.8,5.7,1.5,1.1,2.3,1.1,0.2,3.7,2.6,14.5,2.0,32.5,1,0,30.9,13,12,16,2,3,5,5,10,1,1,7,6,6,12,8,2,3,10,6,2,2,15,2,5,5,2,3,9,1,3,2018-19,17.624489795918368,81,225,2.8,0.31,108.9,106.1,0.091,0.164,1575,0.125,F
81,201959,Taj Gibson,Taj,1610612750,MIN,34.0,70,32,38,0.457,24.1,4.3,7.7,0.566,0.2,0.5,0.324,1.9,2.5,0.757,2.5,4.1,6.5,1.2,1.0,0.8,0.6,0.8,2.7,2.2,10.8,-1.2,23.3,13,0,21.3,5,3,6,6,7,6,8,1,20,21,13,7,7,13,2,3,2,12,8,9,5,5,3,8,7,13,7,2,1,7,2018-19,5.4487895716946,81,232,-2.1,0.11385714285714285,109.5,111.6,0.108,0.167,3572,0.05,F
82,1626145,Tyus Jones,Tyus,1610612750,MIN,23.0,68,29,39,0.426,22.9,2.7,6.6,0.415,0.6,1.9,0.317,0.9,1.0,0.841,0.3,1.6,2.0,4.8,0.7,1.2,0.1,0.3,1.1,1.1,6.9,0.0,19.6,5,0,16.8,6,7,5,13,10,10,11,15,14,14,15,12,12,6,14,14,15,2,14,3,17,11,13,12,11,6,9,4,1,9,2018-19,12.710762331838565,74,196,-0.3,0.058676470588235295,108.4,108.7,0.095,0.139,3334,0.067,G
83,201166,Aaron Brooks,Aaron,1610612750,MIN,33.0,32,19,13,0.594,5.9,0.9,2.2,0.406,0.3,1.0,0.355,0.3,0.3,0.727,0.2,0.3,0.5,0.6,0.3,0.2,0.0,0.1,0.9,0.3,2.3,-2.3,4.1,0,0,4.2,11,11,11,4,12,14,12,14,9,9,5,13,13,10,11,13,13,12,11,12,12,12,11,12,13,14,14,8,1,13,2017-18,17.318840579710145,72,161,-17.2,0.0478125,98.5,115.7,0.044,0.192,395,0.001,G
84,203952,Andrew Wiggins,Andrew,1610612750,MIN,23.0,82,47,35,0.573,36.3,6.9,15.9,0.438,1.4,4.1,0.331,2.5,3.8,0.643,1.0,3.4,4.4,2.0,1.7,1.1,0.6,0.8,2.0,2.9,17.7,2.5,29.4,1,0,28.9,1,1,1,7,2,3,1,10,2,1,8,4,3,12,5,4,5,6,4,4,3,2,5,4,3,6,4,6,1,4,2017-18,13.096923076923076,80,202,3.5,0.1098780487804878,112.5,108.9,0.076,0.228,6052,0.083,F
85,1626148,Anthony Brown,Anthony,1610612750,MIN,25.0,1,0,1,0.0,3.7,1.0,1.0,1.0,1.0,1.0,1.0,0.0,0.0,0.0,0.0,0.0,0.0,1.0,0.0,0.0,0.0,0.0,0.0,0.0,3.0,3.0,4.5,0,0,5.0,15,15,15,15,14,12,15,1,7,8,1,15,15,15,15,15,15,10,15,16,12,15,16,15,12,3,13,8,1,12,2017-18,22.0,79,224,30.0,1.0,120.0,90.0,0.229,0.1,10,0.04,F-G
86,202332,Cole Aldrich,Cole,1610612750,MIN,29.0,21,14,7,0.667,2.3,0.2,0.7,0.333,0.0,0.0,0.0,0.1,0.3,0.333,0.1,0.6,0.7,0.1,0.0,0.1,0.0,0.0,0.5,0.1,0.6,-0.1,2.0,0,0,1.7,13,13,13,1,16,16,16,16,15,15,15,14,14,14,14,11,11,15,14,15,11,13,14,14,16,10,16,8,1,16,2017-18,3.2,83,253,-1.8,0.027142857142857142,100.9,102.7,0.028,0.151,110,0.011,C
87,201565,Derrick Rose,Derrick,1610612750,MIN,29.0,9,6,3,0.667,12.4,2.6,6.0,0.426,0.1,0.7,0.167,0.6,0.6,1.0,0.3,0.3,0.7,1.2,0.8,0.4,0.0,0.6,0.2,0.3,5.8,-1.0,9.0,0,0,8.7,14,14,14,1,10,7,7,12,12,11,14,10,11,1,9,12,12,8,7,11,12,6,15,13,9,12,10,8,1,10,2017-18,9.166666666666666,75,190,-3.9,0.28444444444444444,109.6,113.5,0.07,0.24,230,0.011,G
88,203476,Gorgui Dieng,Gorgui,1610612750,MIN,28.0,79,45,34,0.57,16.9,2.4,4.9,0.479,0.2,0.8,0.311,1.0,1.3,0.775,1.3,3.2,4.6,0.9,0.7,0.6,0.5,0.4,1.9,1.2,5.9,-2.6,15.2,2,0,13.8,6,5,6,12,9,9,9,5,10,10,10,7,7,8,3,6,4,11,9,9,4,7,6,7,8,15,8,5,1,8,2017-18,12.38659793814433,83,251,-6.6,0.08506329113924051,103.9,110.5,0.093,0.159,2763,0.031,C
89,2037,Jamal Crawford,Jamal,1610612750,MIN,38.0,80,45,35,0.563,20.7,3.9,9.3,0.415,1.3,3.9,0.331,1.3,1.4,0.903,0.3,1.0,1.2,2.3,1.2,0.5,0.1,0.2,1.1,1.5,10.3,-1.9,15.9,0,0,16.4,5,5,1,14,6,6,5,13,3,2,9,6,6,2,10,9,10,5,5,10,8,11,9,6,6,13,6,8,1,6,2017-18,18.816711590296496,77,185,-4.5,0.019875,108.4,112.8,0.079,0.231,3384,0.023,G
90,201952,Jeff Teague,Jeff,1610612750,MIN,30.0,70,41,29,0.586,33.0,5.1,11.3,0.446,1.2,3.3,0.368,2.9,3.4,0.845,0.3,2.6,3.0,7.0,2.5,1.5,0.3,0.7,2.4,3.3,14.2,2.0,31.2,13,0,29.0,7,7,7,6,5,5,4,9,4,5,4,3,4,6,8,7,7,1,1,2,6,5,3,3,4,8,3,3,1,3,2017-18,12.29345088161209,74,189,2.7,0.07842857142857143,112.7,110.0,0.105,0.201,4729,0.065,G
91,202710,Jimmy Butler,Jimmy,1610612750,MIN,28.0,59,37,22,0.627,36.7,7.4,15.6,0.474,1.2,3.4,0.35,6.2,7.2,0.854,1.3,4.0,5.3,4.9,1.8,2.0,0.4,0.7,1.3,5.2,22.2,6.3,41.1,3,0,38.3,9,9,9,3,1,2,2,6,5,4,6,1,1,5,4,3,3,2,3,1,5,3,8,1,1,1,2,4,1,2,2017-18,12.1085776330076,80,236,8.3,0.10627118644067796,114.7,106.4,0.151,0.245,4325,0.11,G
92,1628383,Justin Patton,Justin,1610612750,MIN,21.0,1,0,1,0.0,3.7,1.0,2.0,0.5,0.0,0.0,0.0,0.0,0.0,0.0,0.0,0.0,0.0,0.0,0.0,1.0,0.0,0.0,1.0,0.0,2.0,3.0,5.0,0,0,4.0,15,15,15,15,14,12,13,4,15,15,15,15,15,15,15,15,15,16,15,5,12,15,10,15,14,3,12,8,1,14,2017-18,7.0,84,236,30.0,0.0,120.0,90.0,0.057,0.2,10,0.04,C
93,1626157,Karl-Anthony Towns,Karl-Anthony,1610612750,MIN,22.0,82,47,35,0.573,35.6,7.8,14.3,0.545,1.5,3.5,0.421,4.2,4.9,0.858,2.9,9.4,12.3,2.4,1.9,0.8,1.4,0.8,3.5,4.6,21.3,4.5,44.3,68,0,41.9,1,1,1,7,3,1,3,3,1,3,2,2,2,4,1,1,1,4,2,6,1,1,1,2,2,2,1,1,1,1,2017-18,10.325085324232083,84,248,6.1,0.17621951219512194,115.3,109.2,0.165,0.225,5852,0.077,C
94,1627875,Marcus Georges-Hunt,Marcus,1610612750,MIN,24.0,42,24,18,0.571,5.3,0.5,1.1,0.438,0.1,0.4,0.267,0.3,0.5,0.619,0.2,0.2,0.4,0.2,0.1,0.1,0.0,0.0,0.8,0.4,1.4,-0.8,2.5,0,0,2.3,10,10,10,11,13,15,14,11,13,14,11,12,12,13,13,14,14,14,13,14,12,13,12,11,15,11,15,8,1,15,2017-18,11.3125,77,226,-4.4,0.02142857142857143,105.5,109.9,0.017,0.111,473,0.011,G
95,202357,Nemanja Bjelica,Nemanja,1610612750,MIN,30.0,67,38,29,0.567,20.5,2.6,5.5,0.461,1.1,2.7,0.415,0.5,0.7,0.8,0.8,3.3,4.1,1.3,0.8,0.7,0.2,0.3,2.1,0.7,6.8,0.1,15.8,1,0,15.3,8,8,7,13,7,8,8,7,6,6,3,11,10,7,6,5,6,7,8,8,7,9,4,9,7,9,7,6,1,7,2017-18,14.382749326145552,82,230,0.0,0.09955223880597015,107.8,107.8,0.082,0.139,2843,0.055,F
96,201959,Taj Gibson,Taj,1610612750,MIN,33.0,82,47,35,0.573,33.2,5.2,9.0,0.577,0.1,0.4,0.2,1.7,2.3,0.768,2.4,4.8,7.1,1.2,1.1,0.8,0.7,0.7,2.7,1.9,12.2,2.9,25.9,18,0,23.5,1,1,1,7,4,4,6,2,14,13,13,5,5,9,2,2,2,9,6,7,2,4,2,5,5,5,5,2,1,5,2017-18,6.455902306648575,81,235,4.6,0.12890243902439025,113.2,108.5,0.094,0.144,5513,0.08,F
97,1626145,Tyus Jones,Tyus,1610612750,MIN,22.0,82,47,35,0.573,17.9,1.8,4.0,0.457,0.5,1.6,0.349,0.9,1.0,0.877,0.2,1.4,1.6,2.8,0.7,1.2,0.1,0.2,1.3,1.0,5.1,2.2,14.2,0,0,12.5,1,1,1,7,8,10,10,8,8,7,7,8,8,3,12,8,8,3,10,3,9,10,7,8,10,7,9,8,1,9,2017-18,13.99390243902439,74,184,5.6,0.043292682926829265,110.8,105.2,0.09,0.124,2985,0.061,G
98,203940,Adreian Payne,Adreian,1610612750,MIN,26.0,18,5,13,0.278,7.5,1.3,3.0,0.426,0.2,0.8,0.2,0.8,1.1,0.737,0.5,1.3,1.8,0.4,0.4,0.4,0.4,0.1,1.8,0.7,3.5,0.4,8.3,0,0,7.6,12,12,12,15,14,12,12,9,11,10,11,7,7,10,9,12,12,14,14,11,5,14,9,11,10,4,12,9,3,12,2016-17,12.148148148148149,82,237,3.2,0.13555555555555554,101.8,98.6,0.081,0.219,278,0.043,F
99,203952,Andrew Wiggins,Andrew,1610612750,MIN,22.0,82,31,51,0.378,37.2,8.6,19.1,0.452,1.3,3.5,0.356,5.0,6.6,0.76,1.2,2.8,4.0,2.3,2.3,1.0,0.4,1.2,2.2,4.8,23.6,-0.2,33.6,1,0,33.9,1,1,1,6,2,2,1,8,2,2,5,1,1,8,3,6,4,6,3,3,7,1,6,1,2,8,2,5,3,2,2016-17,12.103184713375796,80,199,-0.2,0.11292682926829269,111.1,111.3,0.095,0.286,6131,0.062,F
100,201575,Brandon Rush,Brandon,1610612750,MIN,31.0,47,15,32,0.319,21.9,1.5,4.0,0.374,0.9,2.4,0.386,0.3,0.4,0.722,0.3,1.8,2.1,1.0,0.6,0.5,0.5,0.2,0.9,0.4,4.2,-0.9,10.4,0,0,10.1,10,11,10,13,6,10,9,15,4,6,2,13,12,11,12,8,10,9,12,10,3,9,13,15,8,11,10,9,3,9,2016-17,17.566844919786096,78,225,-2.1,0.10085106382978724,109.2,111.3,0.043,0.097,2060,0.036,G-F
101,202332,Cole Aldrich,Cole,1610612750,MIN,28.0,62,23,39,0.371,8.6,0.7,1.4,0.523,0.0,0.0,0.0,0.2,0.4,0.682,0.8,1.7,2.5,0.4,0.3,0.4,0.4,0.1,1.4,0.4,1.7,-0.5,7.4,1,0,6.2,8,8,7,11,13,14,15,2,13,15,13,14,13,12,8,10,8,13,15,12,6,12,10,14,15,10,13,5,3,13,2016-17,2.5813953488372094,83,250,-1.6,0.05774193548387097,105.5,107.1,0.076,0.091,1082,0.026,C
102,203476,Gorgui Dieng,Gorgui,1610612750,MIN,27.0,82,31,51,0.378,32.4,4.0,8.1,0.502,0.2,0.5,0.372,1.7,2.0,0.814,2.3,5.6,7.9,1.9,1.3,1.1,1.2,0.6,3.1,2.0,10.0,0.4,27.7,13,0,24.4,1,1,1,6,5,4,5,3,10,12,3,6,6,5,2,2,2,7,5,2,2,5,1,5,5,5,5,3,3,5,2016-17,9.915279878971255,83,240,0.8,0.16170731707317074,110.1,109.3,0.092,0.14,5275,0.073,F-C
103,101249,John Lucas III,John,1610612750,MIN,34.0,5,3,2,0.6,2.1,0.2,0.8,0.25,0.0,0.2,0.0,0.0,0.0,0.0,0.0,0.0,0.0,0.2,0.0,0.4,0.0,0.0,0.0,0.0,0.4,2.4,1.9,0,0,1.4,16,13,16,1,16,16,16,16,13,14,13,16,16,16,15,16,16,15,16,13,14,15,16,16,16,1,16,9,3,16,2016-17,13.0,71,166,52.3,0.0,108.3,56.0,0.073,0.154,24,0.046,G
104,201941,Jordan Hill,Jordan,1610612750,MIN,29.0,7,2,5,0.286,6.7,0.7,1.9,0.385,0.0,0.0,0.0,0.3,0.3,1.0,1.1,0.9,2.0,0.0,0.6,0.1,0.0,0.1,1.3,0.4,1.7,1.7,4.0,0,0,4.0,14,16,14,14,15,15,14,13,13,15,13,12,15,1,4,15,11,16,13,15,14,11,11,13,14,2,15,9,3,15,2016-17,7.538461538461538,82,240,12.1,0.3871428571428571,102.2,90.1,0.015,0.171,92,0.052,F-C
105,1626157,Karl-Anthony Towns,Karl-Anthony,1610612750,MIN,21.0,82,31,51,0.378,37.0,9.8,18.0,0.542,1.2,3.4,0.367,4.3,5.2,0.832,3.6,8.7,12.3,2.7,2.6,0.7,1.3,1.1,2.9,4.7,25.1,-0.3,47.1,62,1,45.2,1,1,1,6,3,1,2,1,3,3,4,2,2,4,1,1,1,3,2,8,1,2,2,2,1,9,1,1,1,1,2016-17,9.208924949290061,84,244,-0.3,0.1626829268292683,111.8,112.1,0.17,0.271,6041,0.052,C
106,1627739,Kris Dunn,Kris,1610612750,MIN,23.0,78,30,48,0.385,17.1,1.5,4.0,0.377,0.3,0.9,0.288,0.5,0.8,0.61,0.3,1.8,2.1,2.4,1.1,1.0,0.5,0.2,2.3,0.8,3.8,-1.7,13.2,1,0,11.5,4,4,5,4,9,9,8,14,9,9,10,10,9,14,13,7,9,5,6,3,4,7,5,9,9,13,8,5,3,8,2016-17,13.370607028753994,76,205,-3.4,0.05294871794871795,105.5,108.9,0.051,0.139,2666,0.042,G
107,202357,Nemanja Bjelica,Nemanja,1610612750,MIN,29.0,65,28,37,0.431,18.3,2.3,5.5,0.424,0.9,2.7,0.316,0.7,0.9,0.738,0.9,2.9,3.8,1.2,0.9,0.6,0.3,0.2,2.4,1.0,6.2,-0.2,14.4,3,0,13.9,7,6,8,3,8,7,7,10,5,4,8,8,8,9,7,5,5,8,7,9,8,10,4,7,7,7,6,4,3,7,2016-17,14.308988764044944,82,225,0.5,0.09092307692307693,104.0,103.6,0.078,0.159,2405,0.075,F
108,201956,Omri Casspi,Omri,1610612750,MIN,29.0,13,3,10,0.231,17.1,1.5,2.9,0.5,0.2,0.8,0.2,0.4,0.6,0.625,0.5,1.1,1.5,0.8,0.8,1.0,0.2,0.2,1.8,0.5,3.5,-6.5,9.3,0,0,8.3,13,13,13,16,10,11,13,4,12,11,11,11,11,13,10,13,14,10,8,3,10,7,8,12,13,16,11,9,3,11,2016-17,8.578947368421053,81,225,-16.8,0.40230769230769237,107.8,124.6,0.034,0.099,449,-0.041,F
109,201937,Ricky Rubio,Ricky,1610612750,MIN,26.0,75,28,47,0.373,32.9,3.5,8.7,0.402,0.8,2.6,0.306,3.4,3.8,0.891,0.9,3.2,4.1,9.1,2.6,1.7,0.1,0.4,2.7,3.1,11.1,-0.1,32.6,25,1,28.8,6,6,6,9,4,6,4,12,6,5,9,3,3,2,6,3,3,1,1,1,11,6,3,3,4,6,3,2,1,4,2016-17,15.652307692307692,76,190,-0.7,0.06413333333333333,110.5,111.3,0.114,0.171,4942,0.055,G
110,203498,Shabazz Muhammad,Shabazz,1610612750,MIN,24.0,78,29,49,0.372,19.4,3.7,7.7,0.482,0.6,1.9,0.338,1.9,2.4,0.774,1.1,1.7,2.8,0.4,0.7,0.3,0.1,0.6,1.1,1.8,9.9,-1.0,14.3,1,0,14.5,4,5,4,10,7,5,6,5,7,7,7,5,5,6,5,9,7,12,9,14,13,4,12,6,6,12,7,5,3,6,2016-17,9.76086956521739,78,223,-1.6,0.04115384615384615,106.3,107.9,0.094,0.209,3048,0.053,F
111,1626145,Tyus Jones,Tyus,1610612750,MIN,21.0,60,23,37,0.383,12.9,1.3,3.0,0.414,0.4,1.2,0.356,0.6,0.7,0.767,0.2,1.0,1.1,2.6,0.6,0.8,0.1,0.1,0.8,0.9,3.5,0.6,10.7,0,0,9.4,9,8,8,5,11,13,11,11,8,8,6,9,10,7,14,14,15,4,11,7,12,13,14,8,12,3,9,9,3,10,2016-17,14.408839779005525,74,195,2.0,0.033666666666666664,110.3,108.3,0.096,0.132,1575,0.034,G
112,203897,Zach LaVine,Zach,1610612750,MIN,22.0,47,16,31,0.34,37.2,6.9,15.1,0.459,2.6,6.6,0.387,2.5,3.0,0.836,0.4,3.0,3.4,3.0,1.8,0.9,0.2,0.8,2.2,2.3,18.9,-2.5,28.9,0,0,30.0,10,10,11,12,1,3,3,7,1,1,1,4,4,3,11,4,6,2,4,6,9,3,7,4,3,15,4,9,3,3,2016-17,15.29718309859155,77,185,-2.8,0.12404255319148937,108.4,111.2,0.095,0.215,3454,0.062,G
113,203940,Adreian Payne,Adreian,1610612750,MIN,25.0,52,18,34,0.346,9.3,1.0,2.8,0.366,0.2,0.6,0.281,0.3,0.5,0.654,0.4,1.8,2.1,0.6,0.7,0.3,0.2,0.2,1.5,0.6,2.5,-2.3,6.8,0,0,6.4,9,9,9,11,15,14,13,15,10,10,11,14,14,15,11,10,10,14,12,12,6,13,11,14,14,11,14,6,1,14,2015-16,12.593103448275862,82,237,-12.0,0.0,98.8,110.8,0.039,0.175,988,0.009,F
114,203952,Andrew Wiggins,Andrew,1610612750,MIN,21.0,81,29,52,0.358,35.1,7.3,16.0,0.459,0.7,2.3,0.3,5.3,7.0,0.761,1.3,2.3,3.6,2.0,2.2,1.0,0.6,1.1,2.0,4.9,20.7,-0.8,30.4,1,0,30.1,5,1,5,4,1,2,1,8,5,4,8,1,1,10,3,7,5,5,2,3,3,1,6,1,1,6,3,5,1,2,2015-16,10.942812982998454,80,199,-1.3,0.0018518518518518517,106.7,107.9,0.094,0.267,5757,0.066,G-F
115,204014,Damjan Rudez,Damjan,1610612750,MIN,30.0,33,9,24,0.273,8.4,0.8,1.9,0.403,0.5,1.5,0.34,0.2,0.2,1.0,0.2,0.5,0.6,0.3,0.4,0.1,0.0,0.1,1.0,0.2,2.3,-0.4,3.5,0,0,4.0,13,13,11,15,16,16,15,11,7,7,5,15,16,1,16,16,16,15,14,15,13,14,14,16,16,4,16,6,1,16,2015-16,20.338709677419356,81,230,-2.5,0.0,104.4,106.9,0.025,0.123,569,0.019,F
116,203476,Gorgui Dieng,Gorgui,1610612750,MIN,26.0,82,29,53,0.354,27.1,3.8,7.1,0.532,0.1,0.2,0.3,2.5,3.0,0.827,1.9,5.2,7.1,1.7,1.7,1.1,1.2,0.6,2.7,2.5,10.1,-0.1,26.5,15,0,23.7,1,1,1,5,5,5,7,4,11,12,8,5,5,4,2,2,2,7,5,2,2,5,2,4,6,3,4,2,1,4,2015-16,8.233160621761659,83,241,-0.3,0.0012195121951219512,106.2,106.5,0.115,0.165,4475,0.062,C-F
117,202962,Greg Smith,Greg,1610612750,MIN,25.0,18,8,10,0.444,10.7,1.0,1.8,0.563,0.0,0.0,0.0,0.4,0.9,0.412,0.7,1.7,2.3,0.3,0.4,0.2,0.1,0.4,1.6,0.8,2.4,-4.3,6.1,0,0,5.6,15,15,15,1,14,15,16,2,14,15,14,12,10,16,6,11,9,15,15,14,12,6,10,11,15,15,15,6,1,15,2015-16,1.4375,82,250,-19.8,0.0,94.7,114.5,0.045,0.104,394,-0.002,C
118,1626157,Karl-Anthony Towns,Karl-Anthony,1610612750,MIN,20.0,82,29,53,0.354,32.0,7.6,14.1,0.542,0.4,1.1,0.341,2.7,3.4,0.811,2.8,7.7,10.5,2.0,2.2,0.7,1.7,0.8,3.0,3.0,18.3,-1.6,38.8,52,0,35.9,1,1,1,5,2,1,2,3,9,9,4,4,4,5,1,1,1,6,3,7,1,2,1,3,2,7,1,1,1,1,2015-16,9.75021682567216,84,244,-2.5,0.002195121951219512,106.8,109.3,0.154,0.243,5311,0.047,C-F
119,708,Kevin Garnett,Kevin,1610612750,MIN,40.0,38,14,24,0.368,14.6,1.4,3.0,0.47,0.0,0.0,0.0,0.4,0.6,0.667,0.4,3.6,3.9,1.6,0.4,0.7,0.3,0.1,1.8,0.7,3.2,1.5,13.0,0,0,10.8,11,10,11,2,11,11,11,5,14,14,14,13,13,14,10,4,4,8,13,6,5,15,7,12,12,1,8,6,1,9,2015-16,13.643478260869566,83,240,4.6,0.0,102.0,97.4,0.109,0.114,1115,0.074,F
120,202357,Nemanja Bjelica,Nemanja,1610612750,MIN,28.0,60,20,40,0.333,17.9,1.8,3.9,0.468,0.8,2.1,0.384,0.7,0.9,0.727,0.8,2.7,3.5,1.4,0.8,0.4,0.4,0.2,2.6,1.0,5.1,-2.1,13.0,3,0,12.4,8,8,8,13,9,8,10,6,4,5,2,10,11,11,5,5,6,9,10,10,4,11,4,9,8,9,9,4,1,8,2015-16,15.038297872340426,82,240,-5.7,0.0013333333333333333,101.9,107.6,0.073,0.123,2200,0.036,F
121,201593,Nikola Pekovic,Nikola,1610612750,MIN,30.0,12,2,10,0.167,13.0,1.6,4.2,0.38,0.0,0.0,0.0,1.3,1.7,0.8,0.6,1.2,1.8,0.9,0.8,0.1,0.0,0.2,1.8,1.5,4.5,-5.3,7.5,0,0,7.3,16,16,15,16,12,9,9,12,14,15,14,8,8,6,7,13,13,12,11,16,15,11,8,8,9,16,13,6,1,11,2015-16,4.52,83,307,-19.9,0.0,96.0,115.9,0.033,0.204,299,-0.007,C
122,201937,Ricky Rubio,Ricky,1610612750,MIN,25.0,76,28,48,0.368,30.6,2.9,7.7,0.374,0.8,2.5,0.326,3.5,4.1,0.847,0.5,3.8,4.3,8.7,2.5,2.1,0.1,0.4,2.6,3.4,10.1,0.2,32.5,14,0,28.4,7,6,7,2,3,7,6,14,3,3,6,2,2,3,8,3,3,1,1,1,9,7,3,2,7,2,2,3,1,3,2015-16,15.781196581196582,76,194,0.5,0.00039473684210526315,107.5,107.0,0.126,0.173,4696,0.067,G
123,203498,Shabazz Muhammad,Shabazz,1610612750,MIN,23.0,82,29,53,0.354,20.5,3.9,8.3,0.465,0.5,1.9,0.289,2.3,3.0,0.764,1.2,2.0,3.3,0.6,0.9,0.3,0.1,0.7,1.1,2.2,10.5,-3.3,15.7,0,0,15.7,1,1,1,5,7,4,5,7,6,6,10,6,6,9,4,8,7,13,9,13,10,4,13,5,5,12,6,6,1,7,2015-16,9.651982378854626,78,223,-7.8,0.00024390243902439024,101.3,109.1,0.098,0.222,3424,0.032,F
124,2419,Tayshaun Prince,Tayshaun,1610612750,MIN,36.0,77,27,50,0.351,19.0,1.3,3.0,0.445,0.1,0.3,0.174,0.2,0.2,0.684,0.4,1.5,1.9,1.0,0.4,0.5,0.2,0.1,0.8,0.4,2.9,-1.7,8.2,0,0,7.1,6,7,6,10,8,13,12,10,12,11,13,16,15,13,9,12,12,11,16,8,8,16,16,15,13,8,11,6,1,13,2015-16,14.449781659388647,81,212,-4.0,0.00012987012987012987,101.0,105.0,0.049,0.081,2882,0.052,F
125,1626145,Tyus Jones,Tyus,1610612750,MIN,20.0,37,13,24,0.351,15.5,1.5,4.2,0.359,0.4,1.4,0.302,0.8,1.1,0.718,0.2,1.1,1.3,2.9,0.9,0.8,0.1,0.3,0.9,0.9,4.2,-3.6,12.0,0,0,10.7,12,11,11,9,10,10,8,16,8,8,7,9,9,12,15,14,14,3,8,5,11,9,15,10,10,14,10,6,1,10,2015-16,13.429487179487179,74,195,-10.7,0.002162162162162162,98.6,109.3,0.077,0.151,1184,0.023,G
126,203897,Zach LaVine,Zach,1610612750,MIN,21.0,82,29,53,0.354,28.0,5.3,11.7,0.452,1.5,3.9,0.389,2.0,2.5,0.793,0.3,2.5,2.8,3.1,1.9,0.8,0.2,0.7,2.4,1.9,14.0,-3.6,23.2,0,0,23.5,1,1,1,5,4,3,3,9,1,1,1,7,7,7,12,6,8,2,4,4,7,3,5,7,3,13,5,6,1,5,2015-16,14.27320125130344,77,189,-6.2,0.000853658536585366,104.2,110.4,0.091,0.228,4705,0.032,G
